Region,LAU1 code,LA name,20151,,,,,,,,,,,,,,,,,,,,
North East,E06000047,County Durham," 15,496 ",,,,,,,,,,,,,,,,,,,,
North East,E06000005,Darlington," 16,139 ",,,,,,,,,,,,,,,,,,,,
North East,E06000001,Hartlepool," 14,366 ",,,,,,,,,,,,,,,,,,,,
North East,E06000002,Middlesbrough," 17,668 ",,,,,,,,,,,,,,,,,,,,
North East,E06000057,Northumberland," 19,385 ",,,,,,,,,,,,,,,,,,,,
North East,E06000003,Redcar and Cleveland," 14,029 ",,,,,,,,,,,,,,,,,,,,
North East,E06000004,Stockton-on-Tees," 17,197 ",,,,,,,,,,,,,,,,,,,,
North East,E08000037,Gateshead," 15,871 ",,,,,,,,,,,,,,,,,,,,
North East,E08000021,Newcastle upon Tyne," 19,190 ",,,,,,,,,,,,,,,,,,,,
North East,E08000022,North Tyneside," 14,016 ",,,,,,,,,,,,,,,,,,,,
North East,E08000023,South Tyneside," 11,665 ",,,,,,,,,,,,,,,,,,,,
North East,E08000024,Sunderland," 15,235 ",,,,,,,,,,,,,,,,,,,,
North West,E06000008,Blackburn with Darwen," 13,033 ",,,,,,,,,,,,,,,,,,,,
North West,E06000009,Blackpool," 15,365 ",,,,,,,,,,,,,,,,,,,,
North West,E06000049,Cheshire East," 20,756 ",,,,,,,,,,,,,,,,,,,,
North West,E06000050,Cheshire West and Chester," 19,799 ",,,,,,,,,,,,,,,,,,,,
North West,E06000006,Halton," 17,355 ",,,,,,,,,,,,,,,,,,,,
North West,E06000007,Warrington," 18,507 ",,,,,,,,,,,,,,,,,,,,
North West,E07000026,Allerdale," 16,605 ",,,,,,,,,,,,,,,,,,,,
North West,E07000027,Barrow-in-Furness," 17,818 ",,,,,,,,,,,,,,,,,,,,
North West,E07000028,Carlisle," 19,380 ",,,,,,,,,,,,,,,,,,,,
North West,E07000029,Copeland," 17,685 ",,,,,,,,,,,,,,,,,,,,
North West,E07000030,Eden," 19,765 ",,,,,,,,,,,,,,,,,,,,
North West,E07000031,South Lakeland," 21,219 ",,,,,,,,,,,,,,,,,,,,
North West,E08000001,Bolton," 16,914 ",,,,,,,,,,,,,,,,,,,,
North West,E08000002,Bury," 16,558 ",,,,,,,,,,,,,,,,,,,,
North West,E08000003,Manchester," 13,307 ",,,,,,,,,,,,,,,,,,,,
North West,E08000004,Oldham," 15,793 ",,,,,,,,,,,,,,,,,,,,
North West,E08000005,Rochdale," 15,193 ",,,,,,,,,,,,,,,,,,,,
North West,E08000006,Salford," 16,033 ",,,,,,,,,,,,,,,,,,,,
North West,E08000007,Stockport," 19,875 ",,,,,,,,,,,,,,,,,,,,
North West,E08000008,Tameside," 14,757 ",,,,,,,,,,,,,,,,,,,,
North West,E08000009,Trafford," 20,531 ",,,,,,,,,,,,,,,,,,,,
North West,E08000010,Wigan," 15,439 ",,,,,,,,,,,,,,,,,,,,
North West,E07000117,Burnley," 16,934 ",,,,,,,,,,,,,,,,,,,,
North West,E07000118,Chorley," 16,521 ",,,,,,,,,,,,,,,,,,,,
North West,E07000119,Fylde," 19,120 ",,,,,,,,,,,,,,,,,,,,
North West,E07000120,Hyndburn," 14,545 ",,,,,,,,,,,,,,,,,,,,
North West,E07000121,Lancaster," 17,260 ",,,,,,,,,,,,,,,,,,,,
North West,E07000122,Pendle," 14,688 ",,,,,,,,,,,,,,,,,,,,
North West,E07000123,Preston," 18,412 ",,,,,,,,,,,,,,,,,,,,
North West,E07000124,Ribble Valley," 19,462 ",,,,,,,,,,,,,,,,,,,,
North West,E07000125,Rossendale," 15,267 ",,,,,,,,,,,,,,,,,,,,
North West,E07000126,South Ribble," 17,087 ",,,,,,,,,,,,,,,,,,,,
North West,E07000127,West Lancashire," 19,181 ",,,,,,,,,,,,,,,,,,,,
North West,E07000128,Wyre," 14,627 ",,,,,,,,,,,,,,,,,,,,
North West,E08000011,Knowsley," 16,493 ",,,,,,,,,,,,,,,,,,,,
North West,E08000012,Liverpool," 14,833 ",,,,,,,,,,,,,,,,,,,,
North West,E08000014,Sefton," 17,900 ",,,,,,,,,,,,,,,,,,,,
North West,E08000013,St. Helens," 14,376 ",,,,,,,,,,,,,,,,,,,,
North West,E08000015,Wirral," 17,892 ",,,,,,,,,,,,,,,,,,,,
Yorkshire and The Humber,E06000011,East Riding of Yorkshire," 17,862 ",,,,,,,,,,,,,,,,,,,,
Yorkshire and The Humber,E06000010,"Kingston upon Hull, City of"," 13,642 ",,,,,,,,,,,,,,,,,,,,
Yorkshire and The Humber,E06000012,North East Lincolnshire," 15,040 ",,,,,,,,,,,,,,,,,,,,
Yorkshire and The Humber,E06000013,North Lincolnshire," 14,962 ",,,,,,,,,,,,,,,,,,,,
Yorkshire and The Humber,E06000014,York," 17,663 ",,,,,,,,,,,,,,,,,,,,
Yorkshire and The Humber,E07000163,Craven," 22,769 ",,,,,,,,,,,,,,,,,,,,
Yorkshire and The Humber,E07000164,Hambleton," 20,498 ",,,,,,,,,,,,,,,,,,,,
Yorkshire and The Humber,E07000165,Harrogate," 21,854 ",,,,,,,,,,,,,,,,,,,,
Yorkshire and The Humber,E07000166,Richmondshire," 16,346 ",,,,,,,,,,,,,,,,,,,,
Yorkshire and The Humber,E07000167,Ryedale," 21,128 ",,,,,,,,,,,,,,,,,,,,
Yorkshire and The Humber,E07000168,Scarborough," 18,406 ",,,,,,,,,,,,,,,,,,,,
Yorkshire and The Humber,E07000169,Selby," 18,236 ",,,,,,,,,,,,,,,,,,,,
Yorkshire and The Humber,E08000016,Barnsley," 14,314 ",,,,,,,,,,,,,,,,,,,,
Yorkshire and The Humber,E08000017,Doncaster," 16,678 ",,,,,,,,,,,,,,,,,,,,
Yorkshire and The Humber,E08000018,Rotherham," 16,280 ",,,,,,,,,,,,,,,,,,,,
Yorkshire and The Humber,E08000019,Sheffield," 15,228 ",,,,,,,,,,,,,,,,,,,,
Yorkshire and The Humber,E08000032,Bradford," 14,427 ",,,,,,,,,,,,,,,,,,,,
Yorkshire and The Humber,E08000033,Calderdale," 17,739 ",,,,,,,,,,,,,,,,,,,,
Yorkshire and The Humber,E08000034,Kirklees," 14,902 ",,,,,,,,,,,,,,,,,,,,
Yorkshire and The Humber,E08000035,Leeds," 16,656 ",,,,,,,,,,,,,,,,,,,,
Yorkshire and The Humber,E08000036,Wakefield," 15,918 ",,,,,,,,,,,,,,,,,,,,
East Midlands,E06000015,Derby," 14,955 ",,,,,,,,,,,,,,,,,,,,
East Midlands,E06000016,Leicester," 12,877 ",,,,,,,,,,,,,,,,,,,,
East Midlands,E06000018,Nottingham," 12,779 ",,,,,,,,,,,,,,,,,,,,
East Midlands,E06000017,Rutland," 18,285 ",,,,,,,,,,,,,,,,,,,,
East Midlands,E07000032,Amber Valley," 19,478 ",,,,,,,,,,,,,,,,,,,,
East Midlands,E07000033,Bolsover," 16,319 ",,,,,,,,,,,,,,,,,,,,
East Midlands,E07000034,Chesterfield," 17,198 ",,,,,,,,,,,,,,,,,,,,
East Midlands,E07000035,Derbyshire Dales," 22,342 ",,,,,,,,,,,,,,,,,,,,
East Midlands,E07000036,Erewash," 16,269 ",,,,,,,,,,,,,,,,,,,,
East Midlands,E07000037,High Peak," 17,939 ",,,,,,,,,,,,,,,,,,,,
East Midlands,E07000038,North East Derbyshire," 12,497 ",,,,,,,,,,,,,,,,,,,,
East Midlands,E07000039,South Derbyshire," 15,862 ",,,,,,,,,,,,,,,,,,,,
East Midlands,E07000129,Blaby," 21,589 ",,,,,,,,,,,,,,,,,,,,
East Midlands,E07000130,Charnwood," 16,148 ",,,,,,,,,,,,,,,,,,,,
East Midlands,E07000131,Harborough," 19,313 ",,,,,,,,,,,,,,,,,,,,
East Midlands,E07000132,Hinckley and Bosworth," 16,477 ",,,,,,,,,,,,,,,,,,,,
East Midlands,E07000133,Melton," 18,767 ",,,,,,,,,,,,,,,,,,,,
East Midlands,E07000134,North West Leicestershire," 22,557 ",,,,,,,,,,,,,,,,,,,,
East Midlands,E07000135,Oadby and Wigston," 14,522 ",,,,,,,,,,,,,,,,,,,,
East Midlands,E07000136,Boston," 19,002 ",,,,,,,,,,,,,,,,,,,,
East Midlands,E07000137,East Lindsey," 15,629 ",,,,,,,,,,,,,,,,,,,,
East Midlands,E07000138,Lincoln," 21,689 ",,,,,,,,,,,,,,,,,,,,
East Midlands,E07000139,North Kesteven," 15,750 ",,,,,,,,,,,,,,,,,,,,
East Midlands,E07000140,South Holland," 17,087 ",,,,,,,,,,,,,,,,,,,,
East Midlands,E07000141,South Kesteven," 17,819 ",,,,,,,,,,,,,,,,,,,,
East Midlands,E07000142,West Lindsey," 14,103 ",,,,,,,,,,,,,,,,,,,,
East Midlands,E07000150,Corby," 19,099 ",,,,,,,,,,,,,,,,,,,,
East Midlands,E07000151,Daventry," 18,498 ",,,,,,,,,,,,,,,,,,,,
East Midlands,E07000152,East Northamptonshire," 15,445 ",,,,,,,,,,,,,,,,,,,,
East Midlands,E07000153,Kettering," 19,420 ",,,,,,,,,,,,,,,,,,,,
East Midlands,E07000154,Northampton," 19,804 ",,,,,,,,,,,,,,,,,,,,
East Midlands,E07000155,South Northamptonshire," 17,102 ",,,,,,,,,,,,,,,,,,,,
East Midlands,E07000156,Wellingborough," 19,313 ",,,,,,,,,,,,,,,,,,,,
East Midlands,E07000170,Ashfield," 16,344 ",,,,,,,,,,,,,,,,,,,,
East Midlands,E07000171,Bassetlaw," 17,011 ",,,,,,,,,,,,,,,,,,,,
East Midlands,E07000172,Broxtowe," 19,735 ",,,,,,,,,,,,,,,,,,,,
East Midlands,E07000173,Gedling," 17,482 ",,,,,,,,,,,,,,,,,,,,
East Midlands,E07000174,Mansfield," 15,087 ",,,,,,,,,,,,,,,,,,,,
East Midlands,E07000175,Newark and Sherwood," 16,896 ",,,,,,,,,,,,,,,,,,,,
East Midlands,E07000176,Rushcliffe," 21,788 ",,,,,,,,,,,,,,,,,,,,
West Midlands,E06000019,"Herefordshire, County of"," 18,833 ",,,,,,,,,,,,,,,,,,,,
West Midlands,E06000051,Shropshire," 18,671 ",,,,,,,,,,,,,,,,,,,,
West Midlands,E06000021,Stoke-on-Trent," 13,804 ",,,,,,,,,,,,,,,,,,,,
West Midlands,E06000020,Telford and Wrekin," 16,038 ",,,,,,,,,,,,,,,,,,,,
West Midlands,E07000192,Cannock Chase," 16,922 ",,,,,,,,,,,,,,,,,,,,
West Midlands,E07000193,East Staffordshire," 22,082 ",,,,,,,,,,,,,,,,,,,,
West Midlands,E07000194,Lichfield," 20,700 ",,,,,,,,,,,,,,,,,,,,
West Midlands,E07000195,Newcastle-under-Lyme," 16,576 ",,,,,,,,,,,,,,,,,,,,
West Midlands,E07000196,South Staffordshire," 15,367 ",,,,,,,,,,,,,,,,,,,,
West Midlands,E07000197,Stafford," 19,078 ",,,,,,,,,,,,,,,,,,,,
West Midlands,E07000198,Staffordshire Moorlands," 15,337 ",,,,,,,,,,,,,,,,,,,,
West Midlands,E07000199,Tamworth," 17,484 ",,,,,,,,,,,,,,,,,,,,
West Midlands,E07000218,North Warwickshire," 24,646 ",,,,,,,,,,,,,,,,,,,,
West Midlands,E07000219,Nuneaton and Bedworth," 14,752 ",,,,,,,,,,,,,,,,,,,,
West Midlands,E07000220,Rugby," 18,008 ",,,,,,,,,,,,,,,,,,,,
West Midlands,E07000221,Stratford-on-Avon," 22,880 ",,,,,,,,,,,,,,,,,,,,
West Midlands,E07000222,Warwick," 22,770 ",,,,,,,,,,,,,,,,,,,,
West Midlands,E08000025,Birmingham," 14,053 ",,,,,,,,,,,,,,,,,,,,
West Midlands,E08000026,Coventry," 14,527 ",,,,,,,,,,,,,,,,,,,,
West Midlands,E08000027,Dudley," 15,824 ",,,,,,,,,,,,,,,,,,,,
West Midlands,E08000028,Sandwell," 13,408 ",,,,,,,,,,,,,,,,,,,,
West Midlands,E08000029,Solihull," 20,874 ",,,,,,,,,,,,,,,,,,,,
West Midlands,E08000030,Walsall," 14,186 ",,,,,,,,,,,,,,,,,,,,
West Midlands,E08000031,Wolverhampton," 14,194 ",,,,,,,,,,,,,,,,,,,,
West Midlands,E07000234,Bromsgrove," 18,928 ",,,,,,,,,,,,,,,,,,,,
West Midlands,E07000235,Malvern Hills," 18,562 ",,,,,,,,,,,,,,,,,,,,
West Midlands,E07000236,Redditch," 19,132 ",,,,,,,,,,,,,,,,,,,,
West Midlands,E07000237,Worcester," 21,489 ",,,,,,,,,,,,,,,,,,,,
West Midlands,E07000238,Wychavon," 19,788 ",,,,,,,,,,,,,,,,,,,,
West Midlands,E07000239,Wyre Forest," 16,175 ",,,,,,,,,,,,,,,,,,,,
East of England,E06000055,Bedford," 19,092 ",,,,,,,,,,,,,,,,,,,,
East of England,E06000056,Central Bedfordshire," 19,577 ",,,,,,,,,,,,,,,,,,,,
East of England,E06000032,Luton," 14,762 ",,,,,,,,,,,,,,,,,,,,
East of England,E06000031,Peterborough," 16,711 ",,,,,,,,,,,,,,,,,,,,
East of England,E06000033,Southend-on-Sea," 19,024 ",,,,,,,,,,,,,,,,,,,,
East of England,E06000034,Thurrock," 17,375 ",,,,,,,,,,,,,,,,,,,,
East of England,E07000008,Cambridge," 29,466 ",,,,,,,,,,,,,,,,,,,,
East of England,E07000009,East Cambridgeshire," 16,444 ",,,,,,,,,,,,,,,,,,,,
East of England,E07000010,Fenland," 14,585 ",,,,,,,,,,,,,,,,,,,,
East of England,E07000011,Huntingdonshire," 18,148 ",,,,,,,,,,,,,,,,,,,,
East of England,E07000012,South Cambridgeshire," 21,541 ",,,,,,,,,,,,,,,,,,,,
East of England,E07000066,Basildon," 22,897 ",,,,,,,,,,,,,,,,,,,,
East of England,E07000067,Braintree," 18,668 ",,,,,,,,,,,,,,,,,,,,
East of England,E07000068,Brentwood," 23,128 ",,,,,,,,,,,,,,,,,,,,
East of England,E07000069,Castle Point," 15,630 ",,,,,,,,,,,,,,,,,,,,
East of England,E07000070,Chelmsford," 22,450 ",,,,,,,,,,,,,,,,,,,,
East of England,E07000071,Colchester," 20,844 ",,,,,,,,,,,,,,,,,,,,
East of England,E07000072,Epping Forest," 21,090 ",,,,,,,,,,,,,,,,,,,,
East of England,E07000073,Harlow," 21,251 ",,,,,,,,,,,,,,,,,,,,
East of England,E07000074,Maldon," 18,015 ",,,,,,,,,,,,,,,,,,,,
East of England,E07000075,Rochford," 16,342 ",,,,,,,,,,,,,,,,,,,,
East of England,E07000076,Tendring," 15,835 ",,,,,,,,,,,,,,,,,,,,
East of England,E07000077,Uttlesford," 23,490 ",,,,,,,,,,,,,,,,,,,,
East of England,E07000095,Broxbourne," 20,258 ",,,,,,,,,,,,,,,,,,,,
East of England,E07000096,Dacorum," 20,789 ",,,,,,,,,,,,,,,,,,,,
East of England,E07000242,East Hertfordshire," 21,958 ",,,,,,,,,,,,,,,,,,,,
East of England,E07000098,Hertsmere," 25,498 ",,,,,,,,,,,,,,,,,,,,
East of England,E07000099,North Hertfordshire," 20,011 ",,,,,,,,,,,,,,,,,,,,
East of England,E07000240,St Albans," 25,133 ",,,,,,,,,,,,,,,,,,,,
East of England,E07000243,Stevenage," 21,410 ",,,,,,,,,,,,,,,,,,,,
East of England,E07000102,Three Rivers," 23,292 ",,,,,,,,,,,,,,,,,,,,
East of England,E07000103,Watford," 34,530 ",,,,,,,,,,,,,,,,,,,,
East of England,E07000241,Welwyn Hatfield," 25,012 ",,,,,,,,,,,,,,,,,,,,
East of England,E07000143,Breckland," 16,917 ",,,,,,,,,,,,,,,,,,,,
East of England,E07000144,Broadland," 15,280 ",,,,,,,,,,,,,,,,,,,,
East of England,E07000145,Great Yarmouth," 14,568 ",,,,,,,,,,,,,,,,,,,,
East of England,E07000146,King’s Lynn and West Norfolk," 17,432 ",,,,,,,,,,,,,,,,,,,,
East of England,E07000147,North Norfolk," 17,564 ",,,,,,,,,,,,,,,,,,,,
East of England,E07000148,Norwich," 20,553 ",,,,,,,,,,,,,,,,,,,,
East of England,E07000149,South Norfolk," 18,013 ",,,,,,,,,,,,,,,,,,,,
East of England,E07000200,Babergh," 17,252 ",,,,,,,,,,,,,,,,,,,,
East of England,E07000201,Forest Heath," 17,119 ",,,,,,,,,,,,,,,,,,,,
East of England,E07000202,Ipswich," 20,387 ",,,,,,,,,,,,,,,,,,,,
East of England,E07000203,Mid Suffolk," 17,076 ",,,,,,,,,,,,,,,,,,,,
East of England,E07000204,St Edmundsbury," 22,479 ",,,,,,,,,,,,,,,,,,,,
East of England,E07000205,Suffolk Coastal," 18,816 ",,,,,,,,,,,,,,,,,,,,
East of England,E07000206,Waveney," 16,270 ",,,,,,,,,,,,,,,,,,,,
London,E09000007,Camden," 27,249 ",,,,,,,,,,,,,,,,,,,,
London,E09000001,City of London," 455,810 ",,,,,,,,,,,,,,,,,,,,
London,E09000012,Hackney," 22,730 ",,,,,,,,,,,,,,,,,,,,
London,E09000013,Hammersmith and Fulham," 45,991 ",,,,,,,,,,,,,,,,,,,,
London,E09000014,Haringey," 15,494 ",,,,,,,,,,,,,,,,,,,,
London,E09000019,Islington," 41,125 ",,,,,,,,,,,,,,,,,,,,
London,E09000020,Kensington and Chelsea," 59,471 ",,,,,,,,,,,,,,,,,,,,
London,E09000022,Lambeth," 22,620 ",,,,,,,,,,,,,,,,,,,,
London,E09000023,Lewisham," 12,544 ",,,,,,,,,,,,,,,,,,,,
London,E09000025,Newham," 15,133 ",,,,,,,,,,,,,,,,,,,,
London,E09000028,Southwark," 30,970 ",,,,,,,,,,,,,,,,,,,,
London,E09000030,Tower Hamlets," 21,513 ",,,,,,,,,,,,,,,,,,,,
London,E09000032,Wandsworth," 34,337 ",,,,,,,,,,,,,,,,,,,,
London,E09000033,Westminster," 44,027 ",,,,,,,,,,,,,,,,,,,,
London,E09000002,Barking and Dagenham," 16,513 ",,,,,,,,,,,,,,,,,,,,
London,E09000003,Barnet," 24,596 ",,,,,,,,,,,,,,,,,,,,
London,E09000004,Bexley," 21,359 ",,,,,,,,,,,,,,,,,,,,
London,E09000005,Brent," 22,728 ",,,,,,,,,,,,,,,,,,,,
London,E09000006,Bromley," 25,665 ",,,,,,,,,,,,,,,,,,,,
London,E09000008,Croydon," 20,568 ",,,,,,,,,,,,,,,,,,,,
London,E09000009,Ealing," 24,646 ",,,,,,,,,,,,,,,,,,,,
London,E09000010,Enfield," 20,514 ",,,,,,,,,,,,,,,,,,,,
London,E09000011,Greenwich," 20,419 ",,,,,,,,,,,,,,,,,,,,
London,E09000015,Harrow," 17,349 ",,,,,,,,,,,,,,,,,,,,
London,E09000016,Havering," 20,918 ",,,,,,,,,,,,,,,,,,,,
London,E09000017,Hillingdon," 25,967 ",,,,,,,,,,,,,,,,,,,,
London,E09000018,Hounslow," 27,847 ",,,,,,,,,,,,,,,,,,,,
London,E09000021,Kingston upon Thames," 28,070 ",,,,,,,,,,,,,,,,,,,,
London,E09000024,Merton," 24,159 ",,,,,,,,,,,,,,,,,,,,
London,E09000026,Redbridge," 20,410 ",,,,,,,,,,,,,,,,,,,,
London,E09000027,Richmond upon Thames," 27,739 ",,,,,,,,,,,,,,,,,,,,
London,E09000029,Sutton," 21,885 ",,,,,,,,,,,,,,,,,,,,
London,E09000031,Waltham Forest," 20,224 ",,,,,,,,,,,,,,,,,,,,
South East,E06000036,Bracknell Forest," 21,226 ",,,,,,,,,,,,,,,,,,,,
South East,E06000043,Brighton and Hove," 19,617 ",,,,,,,,,,,,,,,,,,,,
South East,E06000046,Isle of Wight," 17,568 ",,,,,,,,,,,,,,,,,,,,
South East,E06000035,Medway," 17,645 ",,,,,,,,,,,,,,,,,,,,
South East,E06000042,Milton Keynes," 19,373 ",,,,,,,,,,,,,,,,,,,,
South East,E06000044,Portsmouth," 15,062 ",,,,,,,,,,,,,,,,,,,,
South East,E06000038,Reading," 23,916 ",,,,,,,,,,,,,,,,,,,,
South East,E06000039,Slough," 20,432 ",,,,,,,,,,,,,,,,,,,,
South East,E06000045,Southampton," 15,397 ",,,,,,,,,,,,,,,,,,,,
South East,E06000037,West Berkshire," 24,744 ",,,,,,,,,,,,,,,,,,,,
South East,E06000040,Windsor and Maidenhead," 23,761 ",,,,,,,,,,,,,,,,,,,,
South East,E06000041,Wokingham," 21,546 ",,,,,,,,,,,,,,,,,,,,
South East,E07000004,Aylesbury Vale," 22,628 ",,,,,,,,,,,,,,,,,,,,
South East,E07000005,Chiltern," 25,059 ",,,,,,,,,,,,,,,,,,,,
South East,E07000006,South Bucks," 30,615 ",,,,,,,,,,,,,,,,,,,,
South East,E07000007,Wycombe," 26,243 ",,,,,,,,,,,,,,,,,,,,
South East,E07000061,Eastbourne," 20,838 ",,,,,,,,,,,,,,,,,,,,
South East,E07000062,Hastings," 18,972 ",,,,,,,,,,,,,,,,,,,,
South East,E07000063,Lewes," 21,577 ",,,,,,,,,,,,,,,,,,,,
South East,E07000064,Rother," 19,777 ",,,,,,,,,,,,,,,,,,,,
South East,E07000065,Wealden," 20,066 ",,,,,,,,,,,,,,,,,,,,
South East,E07000084,Basingstoke and Deane," 21,624 ",,,,,,,,,,,,,,,,,,,,
South East,E07000085,East Hampshire," 20,960 ",,,,,,,,,,,,,,,,,,,,
South East,E07000086,Eastleigh," 23,440 ",,,,,,,,,,,,,,,,,,,,
South East,E07000087,Fareham," 21,475 ",,,,,,,,,,,,,,,,,,,,
South East,E07000088,Gosport," 13,751 ",,,,,,,,,,,,,,,,,,,,
South East,E07000089,Hart," 22,138 ",,,,,,,,,,,,,,,,,,,,
South East,E07000090,Havant," 18,433 ",,,,,,,,,,,,,,,,,,,,
South East,E07000091,New Forest," 21,569 ",,,,,,,,,,,,,,,,,,,,
South East,E07000092,Rushmoor," 23,500 ",,,,,,,,,,,,,,,,,,,,
South East,E07000093,Test Valley," 23,014 ",,,,,,,,,,,,,,,,,,,,
South East,E07000094,Winchester," 29,774 ",,,,,,,,,,,,,,,,,,,,
South East,E07000105,Ashford," 20,490 ",,,,,,,,,,,,,,,,,,,,
South East,E07000106,Canterbury," 20,179 ",,,,,,,,,,,,,,,,,,,,
South East,E07000107,Dartford," 24,018 ",,,,,,,,,,,,,,,,,,,,
South East,E07000108,Dover," 17,172 ",,,,,,,,,,,,,,,,,,,,
South East,E07000109,Gravesham," 14,345 ",,,,,,,,,,,,,,,,,,,,
South East,E07000110,Maidstone," 21,062 ",,,,,,,,,,,,,,,,,,,,
South East,E07000111,Sevenoaks," 24,217 ",,,,,,,,,,,,,,,,,,,,
South East,E07000112,Shepway," 18,055 ",,,,,,,,,,,,,,,,,,,,
South East,E07000113,Swale," 16,587 ",,,,,,,,,,,,,,,,,,,,
South East,E07000114,Thanet," 16,472 ",,,,,,,,,,,,,,,,,,,,
South East,E07000115,Tonbridge and Malling," 23,273 ",,,,,,,,,,,,,,,,,,,,
South East,E07000116,Tunbridge Wells," 26,805 ",,,,,,,,,,,,,,,,,,,,
South East,E07000177,Cherwell," 21,004 ",,,,,,,,,,,,,,,,,,,,
South East,E07000178,Oxford," 28,000 ",,,,,,,,,,,,,,,,,,,,
South East,E07000179,South Oxfordshire," 20,784 ",,,,,,,,,,,,,,,,,,,,
South East,E07000180,Vale of White Horse," 21,755 ",,,,,,,,,,,,,,,,,,,,
South East,E07000181,West Oxfordshire," 19,245 ",,,,,,,,,,,,,,,,,,,,
South East,E07000207,Elmbridge," 27,604 ",,,,,,,,,,,,,,,,,,,,
South East,E07000208,Epsom and Ewell," 24,437 ",,,,,,,,,,,,,,,,,,,,
South East,E07000209,Guildford," 28,241 ",,,,,,,,,,,,,,,,,,,,
South East,E07000210,Mole Valley," 30,069 ",,,,,,,,,,,,,,,,,,,,
South East,E07000211,Reigate and Banstead," 25,976 ",,,,,,,,,,,,,,,,,,,,
South East,E07000212,Runnymede," 31,785 ",,,,,,,,,,,,,,,,,,,,
South East,E07000213,Spelthorne," 22,734 ",,,,,,,,,,,,,,,,,,,,
South East,E07000214,Surrey Heath," 30,342 ",,,,,,,,,,,,,,,,,,,,
South East,E07000215,Tandridge," 24,387 ",,,,,,,,,,,,,,,,,,,,
South East,E07000216,Waverley," 26,568 ",,,,,,,,,,,,,,,,,,,,
South East,E07000217,Woking," 25,736 ",,,,,,,,,,,,,,,,,,,,
South East,E07000223,Adur," 18,669 ",,,,,,,,,,,,,,,,,,,,
South East,E07000224,Arun," 17,712 ",,,,,,,,,,,,,,,,,,,,
South East,E07000225,Chichester," 25,598 ",,,,,,,,,,,,,,,,,,,,
South East,E07000226,Crawley," 28,666 ",,,,,,,,,,,,,,,,,,,,
South East,E07000227,Horsham," 21,074 ",,,,,,,,,,,,,,,,,,,,
South East,E07000228,Mid Sussex," 20,276 ",,,,,,,,,,,,,,,,,,,,
South East,E07000229,Worthing," 21,111 ",,,,,,,,,,,,,,,,,,,,
South West,E06000022,Bath and North East Somerset," 20,284 ",,,,,,,,,,,,,,,,,,,,
South West,E06000028,Bournemouth," 17,600 ",,,,,,,,,,,,,,,,,,,,
South West,E06000023,"Bristol, City of"," 17,943 ",,,,,,,,,,,,,,,,,,,,
South West,E06000052,Cornwall," 17,185 ",,,,,,,,,,,,,,,,,,,,
South West,E06000053,Isles of Scilly," 26,603 ",,,,,,,,,,,,,,,,,,,,
South West,E06000024,North Somerset," 18,533 ",,,,,,,,,,,,,,,,,,,,
South West,E06000026,Plymouth," 15,886 ",,,,,,,,,,,,,,,,,,,,
South West,E06000029,Poole," 20,425 ",,,,,,,,,,,,,,,,,,,,
South West,E06000025,South Gloucestershire," 20,880 ",,,,,,,,,,,,,,,,,,,,
South West,E06000030,Swindon," 18,444 ",,,,,,,,,,,,,,,,,,,,
South West,E06000027,Torbay," 17,535 ",,,,,,,,,,,,,,,,,,,,
South West,E06000054,Wiltshire," 20,704 ",,,,,,,,,,,,,,,,,,,,
South West,E07000040,East Devon," 17,293 ",,,,,,,,,,,,,,,,,,,,
South West,E07000041,Exeter," 25,513 ",,,,,,,,,,,,,,,,,,,,
South West,E07000042,Mid Devon," 16,040 ",,,,,,,,,,,,,,,,,,,,
South West,E07000043,North Devon," 19,587 ",,,,,,,,,,,,,,,,,,,,
South West,E07000044,South Hams," 21,027 ",,,,,,,,,,,,,,,,,,,,
South West,E07000045,Teignbridge," 17,659 ",,,,,,,,,,,,,,,,,,,,
South West,E07000046,Torridge," 16,083 ",,,,,,,,,,,,,,,,,,,,
South West,E07000047,West Devon," 16,878 ",,,,,,,,,,,,,,,,,,,,
South West,E07000048,Christchurch," 21,760 ",,,,,,,,,,,,,,,,,,,,
South West,E07000049,East Dorset," 20,327 ",,,,,,,,,,,,,,,,,,,,
South West,E07000050,North Dorset," 19,055 ",,,,,,,,,,,,,,,,,,,,
South West,E07000051,Purbeck," 20,935 ",,,,,,,,,,,,,,,,,,,,
South West,E07000052,West Dorset," 24,636 ",,,,,,,,,,,,,,,,,,,,
South West,E07000053,Weymouth and Portland," 16,555 ",,,,,,,,,,,,,,,,,,,,
South West,E07000078,Cheltenham," 23,106 ",,,,,,,,,,,,,,,,,,,,
South West,E07000079,Cotswold," 23,333 ",,,,,,,,,,,,,,,,,,,,
South West,E07000080,Forest of Dean," 15,190 ",,,,,,,,,,,,,,,,,,,,
South West,E07000081,Gloucester," 20,237 ",,,,,,,,,,,,,,,,,,,,
South West,E07000082,Stroud," 19,200 ",,,,,,,,,,,,,,,,,,,,
South West,E07000083,Tewkesbury," 21,907 ",,,,,,,,,,,,,,,,,,,,
South West,E07000187,Mendip," 19,786 ",,,,,,,,,,,,,,,,,,,,
South West,E07000188,Sedgemoor," 17,579 ",,,,,,,,,,,,,,,,,,,,
South West,E07000189,South Somerset," 18,603 ",,,,,,,,,,,,,,,,,,,,
South West,E07000190,Taunton Deane," 20,728 ",,,,,,,,,,,,,,,,,,,,
South West,E07000191,West Somerset," 18,848 ",,,,,,,,,,,,,,,,,,,,
Wales,W06000001,Isle of Anglesey," 17,306 ",,,,,,,,,,,,,,,,,,,,
Wales,W06000002,Gwynedd," 15,594 ",,,,,,,,,,,,,,,,,,,,
Wales,W06000003,Conwy," 17,147 ",,,,,,,,,,,,,,,,,,,,
Wales,W06000004,Denbighshire," 17,407 ",,,,,,,,,,,,,,,,,,,,
Wales,W06000005,Flintshire," 18,280 ",,,,,,,,,,,,,,,,,,,,
Wales,W06000006,Wrexham," 16,285 ",,,,,,,,,,,,,,,,,,,,
Wales,W06000023,Powys," 17,321 ",,,,,,,,,,,,,,,,,,,,
Wales,W06000008,Ceredigion," 17,835 ",,,,,,,,,,,,,,,,,,,,
Wales,W06000009,Pembrokeshire," 16,749 ",,,,,,,,,,,,,,,,,,,,
Wales,W06000010,Carmarthenshire," 15,911 ",,,,,,,,,,,,,,,,,,,,
Wales,W06000011,Swansea," 15,604 ",,,,,,,,,,,,,,,,,,,,
Wales,W06000012,Neath Port Talbot," 14,535 ",,,,,,,,,,,,,,,,,,,,
Wales,W06000013,Bridgend," 16,939 ",,,,,,,,,,,,,,,,,,,,
Wales,W06000014,Vale of Glamorgan," 13,116 ",,,,,,,,,,,,,,,,,,,,
Wales,W06000015,Cardiff," 18,137 ",,,,,,,,,,,,,,,,,,,,
Wales,W06000016,Rhondda Cynon Taf," 14,625 ",,,,,,,,,,,,,,,,,,,,
Wales,W06000024,Merthyr Tydfil," 15,821 ",,,,,,,,,,,,,,,,,,,,
Wales,W06000018,Caerphilly," 14,437 ",,,,,,,,,,,,,,,,,,,,
Wales,W06000019,Blaenau Gwent," 12,878 ",,,,,,,,,,,,,,,,,,,,
Wales,W06000020,Torfaen," 17,102 ",,,,,,,,,,,,,,,,,,,,
Wales,W06000021,Monmouthshire," 17,326 ",,,,,,,,,,,,,,,,,,,,
Wales,W06000022,Newport," 18,410 ",,,,,,,,,,,,,,,,,,,,
Scotland,S12000033,Aberdeen City," 26,950 ",,,,,,,,,,,,,,,,,,,,
Scotland,S12000034,Aberdeenshire," 17,716 ",,,,,,,,,,,,,,,,,,,,
Scotland,S12000041,Angus," 14,373 ",,,,,,,,,,,,,,,,,,,,
Scotland,S12000035,Argyll and Bute," 18,615 ",,,,,,,,,,,,,,,,,,,,
Scotland,S12000036,City of Edinburgh," 21,226 ",,,,,,,,,,,,,,,,,,,,
Scotland,S12000005,Clackmannanshire," 14,693 ",,,,,,,,,,,,,,,,,,,,
Scotland,S12000006,Dumfries and Galloway," 17,513 ",,,,,,,,,,,,,,,,,,,,
Scotland,S12000042,Dundee City," 19,149 ",,,,,,,,,,,,,,,,,,,,
Scotland,S12000008,East Ayrshire," 16,743 ",,,,,,,,,,,,,,,,,,,,
Scotland,S12000045,East Dunbartonshire," 17,488 ",,,,,,,,,,,,,,,,,,,,
Scotland,S12000010,East Lothian," 19,380 ",,,,,,,,,,,,,,,,,,,,
Scotland,S12000011,East Renfrewshire," 14,121 ",,,,,,,,,,,,,,,,,,,,
Scotland,S12000014,Falkirk," 16,609 ",,,,,,,,,,,,,,,,,,,,
Scotland,S12000015,Fife," 17,566 ",,,,,,,,,,,,,,,,,,,,
Scotland,S12000046,Glasgow City," 16,206 ",,,,,,,,,,,,,,,,,,,,
Scotland,S12000017,Highland," 19,327 ",,,,,,,,,,,,,,,,,,,,
Scotland,S12000018,Inverclyde," 17,323 ",,,,,,,,,,,,,,,,,,,,
Scotland,S12000019,Midlothian," 21,542 ",,,,,,,,,,,,,,,,,,,,
Scotland,S12000020,Moray," 15,389 ",,,,,,,,,,,,,,,,,,,,
Scotland,S12000013,Na h-Eileanan Siar," 16,502 ",,,,,,,,,,,,,,,,,,,,
Scotland,S12000021,North Ayrshire," 15,327 ",,,,,,,,,,,,,,,,,,,,
Scotland,S12000044,North Lanarkshire," 16,289 ",,,,,,,,,,,,,,,,,,,,
Scotland,S12000023,Orkney Islands," 18,705 ",,,,,,,,,,,,,,,,,,,,
Scotland,S12000024,Perth and Kinross," 19,134 ",,,,,,,,,,,,,,,,,,,,
Scotland,S12000038,Renfrewshire," 21,041 ",,,,,,,,,,,,,,,,,,,,
Scotland,S12000026,Scottish Borders ," 19,257 ",,,,,,,,,,,,,,,,,,,,
Scotland,S12000027,Shetland Islands," 20,531 ",,,,,,,,,,,,,,,,,,,,
Scotland,S12000028,South Ayrshire," 18,994 ",,,,,,,,,,,,,,,,,,,,
Scotland,S12000029,South Lanarkshire," 17,711 ",,,,,,,,,,,,,,,,,,,,
Scotland,S12000030,Stirling," 20,325 ",,,,,,,,,,,,,,,,,,,,
Scotland,S12000039,West Dunbartonshire," 20,079 ",,,,,,,,,,,,,,,,,,,,
Scotland,S12000040,West Lothian," 16,660 ",,,,,,,,,,,,,,,,,,,,
Northern Ireland,N09000001,Antrim and Newtownabbey," 19,868 ",,,,,,,,,,,,,,,,,,,,
Northern Ireland,N09000011,Ards and North Down," 14,257 ",,,,,,,,,,,,,,,,,,,,
Northern Ireland,N09000002,"Armagh City, Banbridge and Craigavon"," 16,104 ",,,,,,,,,,,,,,,,,,,,
Northern Ireland,N09000003,Belfast," 15,149 ",,,,,,,,,,,,,,,,,,,,
Northern Ireland,N09000004,Causeway Coast and Glens," 13,791 ",,,,,,,,,,,,,,,,,,,,
Northern Ireland,N09000005,Derry City and Strabane," 15,698 ",,,,,,,,,,,,,,,,,,,,
Northern Ireland,N09000006,Fermanagh and Omagh," 15,216 ",,,,,,,,,,,,,,,,,,,,
Northern Ireland,N09000007,Lisburn and Castlereagh," 20,448 ",,,,,,,,,,,,,,,,,,,,
Northern Ireland,N09000008,Mid and East Antrim," 16,337 ",,,,,,,,,,,,,,,,,,,,
Northern Ireland,N09000009,Mid Ulster," 15,343 ",,,,,,,,,,,,,,,,,,,,
Northern Ireland,N09000010,"Newry, Mourne and Down"," 14,392 ",,,,,,,,,,,,,,,,,,,,