Area Code10,Area Name,All,British,Non-British,,,,,,,,,,,,,,,,,,,,,,,,,,
K02000001,United Kingdom,"64,952","58,798","6,133",,,,,,,,,,,,,,,,,,,,,,,,,,
E92000001,England,"54,726","49,187","5,521",,,,,,,,,,,,,,,,,,,,,,,,,,
E12000001,North East,"2,607","2,509",98,,,,,,,,,,,,,,,,,,,,,,,,,,
E06000047,  County Durham13,516,506,10,,,,,,,,,,,,,,,,,,,,,,,,,,
E06000005,  Darlington,104,100,4,,,,,,,,,,,,,,,,,,,,,,,,,,
E06000001,  Hartlepool,92,90,2,,,,,,,,,,,,,,,,,,,,,,,,,,
E06000002,  Middlesbrough,139,127,12,,,,,,,,,,,,,,,,,,,,,,,,,,
E06000057,  Northumberland14,311,307,3,,,,,,,,,,,,,,,,,,,,,,,,,,
E06000003,  Redcar and Cleveland,133,131,2,,,,,,,,,,,,,,,,,,,,,,,,,,
E06000004,  Stockton-on-Tees,193,186,7,,,,,,,,,,,,,,,,,,,,,,,,,,
E11000007,  Tyne and Wear (Met County),"1,119","1,061",57,,,,,,,,,,,,,,,,,,,,,,,,,,
E08000037,    Gateshead,199,190,9,,,,,,,,,,,,,,,,,,,,,,,,,,
E08000021,    Newcastle upon Tyne,293,264,29,,,,,,,,,,,,,,,,,,,,,,,,,,
E08000022,    North Tyneside,203,195,8,,,,,,,,,,,,,,,,,,,,,,,,,,
E08000023,    South Tyneside,148,144,4,,,,,,,,,,,,,,,,,,,,,,,,,,
E08000024,    Sunderland,276,269,7,,,,,,,,,,,,,,,,,,,,,,,,,,
E12000002,North West,"7,120","6,643",476,,,,,,,,,,,,,,,,,,,,,,,,,,
E06000008,  Blackburn with Darwen,145,134,11,,,,,,,,,,,,,,,,,,,,,,,,,,
E06000009,  Blackpool,136,130,6,,,,,,,,,,,,,,,,,,,,,,,,,,
E06000049,  Cheshire East15,373,355,18,,,,,,,,,,,,,,,,,,,,,,,,,,
E06000050,  Cheshire West and Chester16,331,310,21,,,,,,,,,,,,,,,,,,,,,,,,,,
E06000006,  Halton,126,123,3,,,,,,,,,,,,,,,,,,,,,,,,,,
E06000007,  Warrington,207,193,13,,,,,,,,,,,,,,,,,,,,,,,,,,
E10000006,  Cumbria,488,475,12,,,,,,,,,,,,,,,,,,,,,,,,,,
E07000026,    Allerdale,95,94,c,,,,,,,,,,,,,,,,,,,,,,,,,,
E07000027,    Barrow-in-Furness,66,64,2,,,,,,,,,,,,,,,,,,,,,,,,,,
E07000028,    Carlisle,107,101,6,,,,,,,,,,,,,,,,,,,,,,,,,,
E07000029,    Copeland,68,68,c,,,,,,,,,,,,,,,,,,,,,,,,,,
E07000030,    Eden,52,51,c,,,,,,,,,,,,,,,,,,,,,,,,,,
E07000031,    South Lakeland,100,97,3,,,,,,,,,,,,,,,,,,,,,,,,,,
E11000001,  Greater Manchester (Met County),"2,755","2,498",257,,,,,,,,,,,,,,,,,,,,,,,,,,
E08000001,    Bolton,282,259,22,,,,,,,,,,,,,,,,,,,,,,,,,,
E08000002,    Bury,188,175,13,,,,,,,,,,,,,,,,,,,,,,,,,,
E08000003,    Manchester,533,431,102,,,,,,,,,,,,,,,,,,,,,,,,,,
E08000004,    Oldham,229,214,15,,,,,,,,,,,,,,,,,,,,,,,,,,
E08000005,    Rochdale,212,196,16,,,,,,,,,,,,,,,,,,,,,,,,,,
E08000006,    Salford,246,214,33,,,,,,,,,,,,,,,,,,,,,,,,,,
E08000007,    Stockport,287,275,13,,,,,,,,,,,,,,,,,,,,,,,,,,
E08000008,    Tameside,221,205,16,,,,,,,,,,,,,,,,,,,,,,,,,,
E08000009,    Trafford,236,219,17,,,,,,,,,,,,,,,,,,,,,,,,,,
E08000010,    Wigan,321,311,10,,,,,,,,,,,,,,,,,,,,,,,,,,
E10000017,  Lancashire,"1,177","1,116",61,,,,,,,,,,,,,,,,,,,,,,,,,,
E07000117,    Burnley,86,81,5,,,,,,,,,,,,,,,,,,,,,,,,,,
E07000118,    Chorley,111,108,3,,,,,,,,,,,,,,,,,,,,,,,,,,
E07000119,    Fylde,76,72,4,,,,,,,,,,,,,,,,,,,,,,,,,,
E07000120,    Hyndburn,79,76,3,,,,,,,,,,,,,,,,,,,,,,,,,,
E07000121,    Lancaster,141,133,8,,,,,,,,,,,,,,,,,,,,,,,,,,
E07000122,    Pendle,90,81,8,,,,,,,,,,,,,,,,,,,,,,,,,,
E07000123,    Preston,140,124,15,,,,,,,,,,,,,,,,,,,,,,,,,,
E07000124,    Ribble Valley,57,57,c,,,,,,,,,,,,,,,,,,,,,,,,,,
E07000125,    Rossendale,69,68,2,,,,,,,,,,,,,,,,,,,,,,,,,,
E07000126,    South Ribble,108,104,4,,,,,,,,,,,,,,,,,,,,,,,,,,
E07000127,    West Lancashire,111,107,4,,,,,,,,,,,,,,,,,,,,,,,,,,
E07000128,    Wyre,108,106,2,,,,,,,,,,,,,,,,,,,,,,,,,,
E11000002,  Merseyside (Met County),"1,384","1,310",74,,,,,,,,,,,,,,,,,,,,,,,,,,
E08000011,    Knowsley,146,142,4,,,,,,,,,,,,,,,,,,,,,,,,,,
E08000012,    Liverpool,474,429,44,,,,,,,,,,,,,,,,,,,,,,,,,,
E08000014,    Sefton,269,261,9,,,,,,,,,,,,,,,,,,,,,,,,,,
E08000013,    St. Helens,177,173,4,,,,,,,,,,,,,,,,,,,,,,,,,,
E08000015,    Wirral,318,305,13,,,,,,,,,,,,,,,,,,,,,,,,,,
E12000003,Yorkshire and The Humber ,"5,362","4,997",364,,,,,,,,,,,,,,,,,,,,,,,,,,
E06000011,  East Riding of Yorkshire,334,322,11,,,,,,,,,,,,,,,,,,,,,,,,,,
E06000010,"  Kingston upon Hull, City of",256,233,23,,,,,,,,,,,,,,,,,,,,,,,,,,
E06000012,  North East Lincolnshire,158,153,5,,,,,,,,,,,,,,,,,,,,,,,,,,
E06000013,  North Lincolnshire,169,153,16,,,,,,,,,,,,,,,,,,,,,,,,,,
E06000014,  York,207,194,12,,,,,,,,,,,,,,,,,,,,,,,,,,
E10000023,  North Yorkshire,589,567,22,,,,,,,,,,,,,,,,,,,,,,,,,,
E07000163,    Craven,55,54,c,,,,,,,,,,,,,,,,,,,,,,,,,,
E07000164,    Hambleton,88,87,2,,,,,,,,,,,,,,,,,,,,,,,,,,
E07000165,    Harrogate,153,144,9,,,,,,,,,,,,,,,,,,,,,,,,,,
E07000166,    Richmondshire,48,47,c,,,,,,,,,,,,,,,,,,,,,,,,,,
E07000167,    Ryedale,52,50,1,,,,,,,,,,,,,,,,,,,,,,,,,,
E07000168,    Scarborough,106,101,5,,,,,,,,,,,,,,,,,,,,,,,,,,
E07000169,    Selby,86,83,3,,,,,,,,,,,,,,,,,,,,,,,,,,
E11000003,  South Yorkshire (Met County),"1,370","1,273",97,,,,,,,,,,,,,,,,,,,,,,,,,,
E08000016,    Barnsley,240,229,10,,,,,,,,,,,,,,,,,,,,,,,,,,
E08000017,    Doncaster,300,276,24,,,,,,,,,,,,,,,,,,,,,,,,,,
E08000018,    Rotherham,260,245,14,,,,,,,,,,,,,,,,,,,,,,,,,,
E08000019,    Sheffield,570,522,48,,,,,,,,,,,,,,,,,,,,,,,,,,
E11000006,  West Yorkshire (Met County),"2,280","2,103",177,,,,,,,,,,,,,,,,,,,,,,,,,,
E08000032,    Bradford,530,482,48,,,,,,,,,,,,,,,,,,,,,,,,,,
E08000033,    Calderdale,209,199,9,,,,,,,,,,,,,,,,,,,,,,,,,,
E08000034,    Kirklees,435,408,27,,,,,,,,,,,,,,,,,,,,,,,,,,
E08000035,    Leeds,775,704,72,,,,,,,,,,,,,,,,,,,,,,,,,,
E08000036,    Wakefield,331,310,21,,,,,,,,,,,,,,,,,,,,,,,,,,
E12000004,East Midlands,"4,657","4,266",390,,,,,,,,,,,,,,,,,,,,,,,,,,
E06000015,  Derby,255,225,30,,,,,,,,,,,,,,,,,,,,,,,,,,
E06000016,  Leicester,344,273,71,,,,,,,,,,,,,,,,,,,,,,,,,,
E06000018,  Nottingham,316,263,53,,,,,,,,,,,,,,,,,,,,,,,,,,
E06000017,  Rutland,35,34,1,,,,,,,,,,,,,,,,,,,,,,,,,,
E10000007,  Derbyshire,778,753,25,,,,,,,,,,,,,,,,,,,,,,,,,,
E07000032,    Amber Valley,124,122,2,,,,,,,,,,,,,,,,,,,,,,,,,,
E07000033,    Bolsover,77,71,6,,,,,,,,,,,,,,,,,,,,,,,,,,
E07000034,    Chesterfield,104,102,2,,,,,,,,,,,,,,,,,,,,,,,,,,
E07000035,    Derbyshire Dales,70,68,1,,,,,,,,,,,,,,,,,,,,,,,,,,
E07000036,    Erewash,114,109,5,,,,,,,,,,,,,,,,,,,,,,,,,,
E07000037,    High Peak,91,89,2,,,,,,,,,,,,,,,,,,,,,,,,,,
E07000038,    North East Derbyshire,99,98,c,,,,,,,,,,,,,,,,,,,,,,,,,,
E07000039,    South Derbyshire,99,94,6,,,,,,,,,,,,,,,,,,,,,,,,,,
E10000018,  Leicestershire ,673,631,42,,,,,,,,,,,,,,,,,,,,,,,,,,
E07000129,    Blaby,96,91,6,,,,,,,,,,,,,,,,,,,,,,,,,,
E07000130,    Charnwood,177,165,12,,,,,,,,,,,,,,,,,,,,,,,,,,
E07000131,    Harborough,88,86,2,,,,,,,,,,,,,,,,,,,,,,,,,,
E07000132,    Hinckley and Bosworth,109,104,5,,,,,,,,,,,,,,,,,,,,,,,,,,
E07000133,    Melton,51,48,3,,,,,,,,,,,,,,,,,,,,,,,,,,
E07000134,    North West Leicestershire,96,90,7,,,,,,,,,,,,,,,,,,,,,,,,,,
E07000135,    Oadby and Wigston,55,48,7,,,,,,,,,,,,,,,,,,,,,,,,,,
E10000019,  Lincolnshire,732,682,51,,,,,,,,,,,,,,,,,,,,,,,,,,
E07000136,    Boston,67,51,16,,,,,,,,,,,,,,,,,,,,,,,,,,
E07000137,    East Lindsey,136,134,2,,,,,,,,,,,,,,,,,,,,,,,,,,
E07000138,    Lincoln,96,88,8,,,,,,,,,,,,,,,,,,,,,,,,,,
E07000139,    North Kesteven,111,109,2,,,,,,,,,,,,,,,,,,,,,,,,,,
E07000140,    South Holland,91,79,12,,,,,,,,,,,,,,,,,,,,,,,,,,
E07000141,    South Kesteven,139,130,10,,,,,,,,,,,,,,,,,,,,,,,,,,
E07000142,    West Lindsey,92,91,c,,,,,,,,,,,,,,,,,,,,,,,,,,
E10000021,  Northamptonshire,722,652,70,,,,,,,,,,,,,,,,,,,,,,,,,,
E07000150,    Corby,68,60,8,,,,,,,,,,,,,,,,,,,,,,,,,,
E07000151,    Daventry,78,73,5,,,,,,,,,,,,,,,,,,,,,,,,,,
E07000152,    East Northamptonshire,88,82,6,,,,,,,,,,,,,,,,,,,,,,,,,,
E07000153,    Kettering,98,93,5,,,,,,,,,,,,,,,,,,,,,,,,,,
E07000154,    Northampton,224,188,36,,,,,,,,,,,,,,,,,,,,,,,,,,
E07000155,    South Northamptonshire,89,86,3,,,,,,,,,,,,,,,,,,,,,,,,,,
E07000156,    Wellingborough,77,70,7,,,,,,,,,,,,,,,,,,,,,,,,,,
E10000024,  Nottinghamshire ,802,753,49,,,,,,,,,,,,,,,,,,,,,,,,,,
E07000170,    Ashfield,123,121,3,,,,,,,,,,,,,,,,,,,,,,,,,,
E07000171,    Bassetlaw,112,103,9,,,,,,,,,,,,,,,,,,,,,,,,,,
E07000172,    Broxtowe,113,103,10,,,,,,,,,,,,,,,,,,,,,,,,,,
E07000173,    Gedling,117,111,5,,,,,,,,,,,,,,,,,,,,,,,,,,
E07000174,    Mansfield,106,98,8,,,,,,,,,,,,,,,,,,,,,,,,,,
E07000175,    Newark and Sherwood,117,109,9,,,,,,,,,,,,,,,,,,,,,,,,,,
E07000176,    Rushcliffe,114,109,5,,,,,,,,,,,,,,,,,,,,,,,,,,
E12000005,West Midlands,"5,734","5,234",498,,,,,,,,,,,,,,,,,,,,,,,,,,
E06000019,"  Herefordshire, County of",187,174,12,,,,,,,,,,,,,,,,,,,,,,,,,,
E06000051,  Shropshire17,305,296,9,,,,,,,,,,,,,,,,,,,,,,,,,,
E06000021,  Stoke-on-Trent,251,231,20,,,,,,,,,,,,,,,,,,,,,,,,,,
E06000020,  Telford and Wrekin,170,159,11,,,,,,,,,,,,,,,,,,,,,,,,,,
E10000028,  Staffordshire ,854,817,37,,,,,,,,,,,,,,,,,,,,,,,,,,
E07000192,    Cannock Chase,98,96,2,,,,,,,,,,,,,,,,,,,,,,,,,,
E07000193,    East Staffordshire,115,97,18,,,,,,,,,,,,,,,,,,,,,,,,,,
E07000194,    Lichfield,101,100,1,,,,,,,,,,,,,,,,,,,,,,,,,,
E07000195,    Newcastle-under-Lyme,126,122,4,,,,,,,,,,,,,,,,,,,,,,,,,,
E07000196,    South Staffordshire,109,106,3,,,,,,,,,,,,,,,,,,,,,,,,,,
E07000197,    Stafford,131,127,4,,,,,,,,,,,,,,,,,,,,,,,,,,
E07000198,    Staffordshire Moorlands,97,95,1,,,,,,,,,,,,,,,,,,,,,,,,,,
E07000199,    Tamworth,77,73,4,,,,,,,,,,,,,,,,,,,,,,,,,,
E10000031,  Warwickshire,551,504,46,,,,,,,,,,,,,,,,,,,,,,,,,,
E07000218,    North Warwickshire,62,60,2,,,,,,,,,,,,,,,,,,,,,,,,,,
E07000219,    Nuneaton and Bedworth,126,119,7,,,,,,,,,,,,,,,,,,,,,,,,,,
E07000220,    Rugby,103,88,15,,,,,,,,,,,,,,,,,,,,,,,,,,
E07000221,    Stratford-on-Avon,121,115,6,,,,,,,,,,,,,,,,,,,,,,,,,,
E07000222,    Warwick,139,122,17,,,,,,,,,,,,,,,,,,,,,,,,,,
E11000005,  West Midlands (Met County),"2,844","2,512",331,,,,,,,,,,,,,,,,,,,,,,,,,,
E08000025,    Birmingham,"1,117",971,145,,,,,,,,,,,,,,,,,,,,,,,,,,
E08000026,    Coventry,351,283,67,,,,,,,,,,,,,,,,,,,,,,,,,,
E08000027,    Dudley,315,303,12,,,,,,,,,,,,,,,,,,,,,,,,,,
E08000028,    Sandwell,321,278,43,,,,,,,,,,,,,,,,,,,,,,,,,,
E08000029,    Solihull,211,200,10,,,,,,,,,,,,,,,,,,,,,,,,,,
E08000030,    Walsall,276,256,21,,,,,,,,,,,,,,,,,,,,,,,,,,
E08000031,    Wolverhampton,254,221,32,,,,,,,,,,,,,,,,,,,,,,,,,,
E10000034,  Worcestershire,573,541,32,,,,,,,,,,,,,,,,,,,,,,,,,,
E07000234,    Bromsgrove,94,93,c,,,,,,,,,,,,,,,,,,,,,,,,,,
E07000235,    Malvern Hills,75,71,4,,,,,,,,,,,,,,,,,,,,,,,,,,
E07000236,    Redditch,84,73,11,,,,,,,,,,,,,,,,,,,,,,,,,,
E07000237,    Worcester,101,93,9,,,,,,,,,,,,,,,,,,,,,,,,,,
E07000238,    Wychavon,120,114,6,,,,,,,,,,,,,,,,,,,,,,,,,,
E07000239,    Wyre Forest,98,97,1,,,,,,,,,,,,,,,,,,,,,,,,,,
E12000006,East,"6,076","5,534",542,,,,,,,,,,,,,,,,,,,,,,,,,,
E06000055,  Bedford18,167,144,22,,,,,,,,,,,,,,,,,,,,,,,,,,
E06000056,  Central Bedfordshire19,277,265,12,,,,,,,,,,,,,,,,,,,,,,,,,,
E06000032,  Luton,218,168,50,,,,,,,,,,,,,,,,,,,,,,,,,,
E06000031,  Peterborough,194,155,39,,,,,,,,,,,,,,,,,,,,,,,,,,
E06000033,  Southend-on-Sea,179,166,14,,,,,,,,,,,,,,,,,,,,,,,,,,
E06000034,  Thurrock,167,149,18,,,,,,,,,,,,,,,,,,,,,,,,,,
E10000003,  Cambridgeshire,647,584,63,,,,,,,,,,,,,,,,,,,,,,,,,,
E07000008,    Cambridge,129,107,22,,,,,,,,,,,,,,,,,,,,,,,,,,
E07000009,    East Cambridgeshire,88,85,4,,,,,,,,,,,,,,,,,,,,,,,,,,
E07000010,    Fenland,98,92,6,,,,,,,,,,,,,,,,,,,,,,,,,,
E07000011,    Huntingdonshire,175,166,8,,,,,,,,,,,,,,,,,,,,,,,,,,
E07000012,    South Cambridgeshire,156,134,23,,,,,,,,,,,,,,,,,,,,,,,,,,
E10000012,  Essex,"1,444","1,351",93,,,,,,,,,,,,,,,,,,,,,,,,,,
E07000066,    Basildon,183,170,13,,,,,,,,,,,,,,,,,,,,,,,,,,
E07000067,    Braintree,151,144,7,,,,,,,,,,,,,,,,,,,,,,,,,,
E07000068,    Brentwood,76,71,5,,,,,,,,,,,,,,,,,,,,,,,,,,
E07000069,    Castle Point,89,89,.,,,,,,,,,,,,,,,,,,,,,,,,,,
E07000070,    Chelmsford,173,159,13,,,,,,,,,,,,,,,,,,,,,,,,,,
E07000071,    Colchester,183,166,16,,,,,,,,,,,,,,,,,,,,,,,,,,
E07000072,    Epping Forest,131,119,11,,,,,,,,,,,,,,,,,,,,,,,,,,
E07000073,    Harlow,86,72,14,,,,,,,,,,,,,,,,,,,,,,,,,,
E07000074,    Maldon,63,62,c,,,,,,,,,,,,,,,,,,,,,,,,,,
E07000075,    Rochford,85,84,c,,,,,,,,,,,,,,,,,,,,,,,,,,
E07000076,    Tendring,139,134,5,,,,,,,,,,,,,,,,,,,,,,,,,,
E07000077,    Uttlesford,86,80,6,,,,,,,,,,,,,,,,,,,,,,,,,,
E10000015,  Hertfordshire,"1,172","1,069",102,,,,,,,,,,,,,,,,,,,,,,,,,,
E07000095,    Broxbourne,97,86,12,,,,,,,,,,,,,,,,,,,,,,,,,,
E07000096,    Dacorum,151,144,7,,,,,,,,,,,,,,,,,,,,,,,,,,
E07000242,    East Hertfordshire,145,135,10,,,,,,,,,,,,,,,,,,,,,,,,,,
E07000098,    Hertsmere,103,89,14,,,,,,,,,,,,,,,,,,,,,,,,,,
E07000099,    North Hertfordshire,133,129,4,,,,,,,,,,,,,,,,,,,,,,,,,,
E07000240,    St Albans20,147,129,18,,,,,,,,,,,,,,,,,,,,,,,,,,
E07000243,    Stevenage,87,79,8,,,,,,,,,,,,,,,,,,,,,,,,,,
E07000102,    Three Rivers,91,84,7,,,,,,,,,,,,,,,,,,,,,,,,,,
E07000103,    Watford,98,86,13,,,,,,,,,,,,,,,,,,,,,,,,,,
E07000241,    Welwyn Hatfield21,119,109,10,,,,,,,,,,,,,,,,,,,,,,,,,,
E10000020,  Norfolk,879,805,74,,,,,,,,,,,,,,,,,,,,,,,,,,
E07000143,    Breckland,133,116,17,,,,,,,,,,,,,,,,,,,,,,,,,,
E07000144,    Broadland,125,123,2,,,,,,,,,,,,,,,,,,,,,,,,,,
E07000145,    Great Yarmouth,98,91,7,,,,,,,,,,,,,,,,,,,,,,,,,,
E07000146,    King's Lynn and West Norfolk,150,134,16,,,,,,,,,,,,,,,,,,,,,,,,,,
E07000147,    North Norfolk,102,101,c,,,,,,,,,,,,,,,,,,,,,,,,,,
E07000148,    Norwich,140,115,25,,,,,,,,,,,,,,,,,,,,,,,,,,
E07000149,    South Norfolk,131,126,5,,,,,,,,,,,,,,,,,,,,,,,,,,
E10000029,  Suffolk,732,677,55,,,,,,,,,,,,,,,,,,,,,,,,,,
E07000200,    Babergh,88,83,5,,,,,,,,,,,,,,,,,,,,,,,,,,
E07000201,    Forest Heath,63,52,12,,,,,,,,,,,,,,,,,,,,,,,,,,
E07000202,    Ipswich,135,111,24,,,,,,,,,,,,,,,,,,,,,,,,,,
E07000203,    Mid Suffolk,99,98,1,,,,,,,,,,,,,,,,,,,,,,,,,,
E07000204,    St Edmundsbury,110,102,8,,,,,,,,,,,,,,,,,,,,,,,,,,
E07000205,    Suffolk Coastal,123,118,5,,,,,,,,,,,,,,,,,,,,,,,,,,
E07000206,    Waveney,115,114,c,,,,,,,,,,,,,,,,,,,,,,,,,,
E12000007,London,"8,826","6,738","2,081",,,,,,,,,,,,,,,,,,,,,,,,,,
E13000001,Inner London,"3,533","2,566",964,,,,,,,,,,,,,,,,,,,,,,,,,,
E09000007,  Camden,248,179,68,,,,,,,,,,,,,,,,,,,,,,,,,,
E09000001,  City of London22,:,:,:,,,,,,,,,,,,,,,,,,,,,,,,,,
E09000012,  Hackney,275,201,74,,,,,,,,,,,,,,,,,,,,,,,,,,
E09000013,  Hammersmith and Fulham,181,121,60,,,,,,,,,,,,,,,,,,,,,,,,,,
E09000014,  Haringey,276,205,72,,,,,,,,,,,,,,,,,,,,,,,,,,
E09000019,  Islington,232,176,55,,,,,,,,,,,,,,,,,,,,,,,,,,
E09000020,  Kensington and Chelsea,156,100,56,,,,,,,,,,,,,,,,,,,,,,,,,,
E09000022,  Lambeth,327,259,68,,,,,,,,,,,,,,,,,,,,,,,,,,
E09000023,  Lewisham,302,231,71,,,,,,,,,,,,,,,,,,,,,,,,,,
E09000025,  Newham,342,223,120,,,,,,,,,,,,,,,,,,,,,,,,,,
E09000028,  Southwark,315,240,74,,,,,,,,,,,,,,,,,,,,,,,,,,
E09000030,  Tower Hamlets,307,226,80,,,,,,,,,,,,,,,,,,,,,,,,,,
E09000032,   Wandsworth,319,241,77,,,,,,,,,,,,,,,,,,,,,,,,,,
E09000033,   Westminster,253,164,88,,,,,,,,,,,,,,,,,,,,,,,,,,
E13000002,Outer London,"5,293","4,172","1,117",,,,,,,,,,,,,,,,,,,,,,,,,,
E09000002,  Barking and Dagenham,208,159,49,,,,,,,,,,,,,,,,,,,,,,,,,,
E09000003,  Barnet,388,311,77,,,,,,,,,,,,,,,,,,,,,,,,,,
E09000004,  Bexley,245,222,23,,,,,,,,,,,,,,,,,,,,,,,,,,
E09000005,  Brent,331,212,118,,,,,,,,,,,,,,,,,,,,,,,,,,
E09000006,  Bromley,328,297,32,,,,,,,,,,,,,,,,,,,,,,,,,,
E09000008,  Croydon,385,301,83,,,,,,,,,,,,,,,,,,,,,,,,,,
E09000009,  Ealing,347,245,102,,,,,,,,,,,,,,,,,,,,,,,,,,
E09000010,  Enfield,334,280,54,,,,,,,,,,,,,,,,,,,,,,,,,,
E09000011,  Greenwich,278,209,68,,,,,,,,,,,,,,,,,,,,,,,,,,
E09000015,  Harrow,251,176,75,,,,,,,,,,,,,,,,,,,,,,,,,,
E09000016,  Havering,251,229,22,,,,,,,,,,,,,,,,,,,,,,,,,,
E09000017,  Hillingdon,304,256,48,,,,,,,,,,,,,,,,,,,,,,,,,,
E09000018,  Hounslow,276,193,82,,,,,,,,,,,,,,,,,,,,,,,,,,
E09000021,  Kingston upon Thames,177,140,36,,,,,,,,,,,,,,,,,,,,,,,,,,
E09000024,  Merton,208,157,51,,,,,,,,,,,,,,,,,,,,,,,,,,
E09000026,  Redbridge,304,224,80,,,,,,,,,,,,,,,,,,,,,,,,,,
E09000027,  Richmond upon Thames,199,172,27,,,,,,,,,,,,,,,,,,,,,,,,,,
E09000029,  Sutton,203,175,28,,,,,,,,,,,,,,,,,,,,,,,,,,
E09000031,  Waltham Forest,275,215,61,,,,,,,,,,,,,,,,,,,,,,,,,,
E12000008,South East,"8,915","8,185",727,,,,,,,,,,,,,,,,,,,,,,,,,,
E06000036,  Bracknell Forest,119,111,8,,,,,,,,,,,,,,,,,,,,,,,,,,
E06000043,  Brighton and Hove,285,249,36,,,,,,,,,,,,,,,,,,,,,,,,,,
E06000046,  Isle of Wight,136,132,4,,,,,,,,,,,,,,,,,,,,,,,,,,
E06000035,  Medway,278,257,21,,,,,,,,,,,,,,,,,,,,,,,,,,
E06000042,  Milton Keynes,266,233,33,,,,,,,,,,,,,,,,,,,,,,,,,,
E06000044,  Portsmouth,211,193,18,,,,,,,,,,,,,,,,,,,,,,,,,,
E06000038,  Reading,163,134,28,,,,,,,,,,,,,,,,,,,,,,,,,,
E06000039,  Slough,148,114,34,,,,,,,,,,,,,,,,,,,,,,,,,,
E06000045,  Southampton,250,199,51,,,,,,,,,,,,,,,,,,,,,,,,,,
E06000037,  West Berkshire,154,145,9,,,,,,,,,,,,,,,,,,,,,,,,,,
E06000040,  Windsor and Maidenhead,146,127,20,,,,,,,,,,,,,,,,,,,,,,,,,,
E06000041,  Wokingham,161,152,8,,,,,,,,,,,,,,,,,,,,,,,,,,
E10000002,  Buckinghamshire,526,489,36,,,,,,,,,,,,,,,,,,,,,,,,,,
E07000004,    Aylesbury Vale,188,173,14,,,,,,,,,,,,,,,,,,,,,,,,,,
E07000005,    Chiltern,94,87,7,,,,,,,,,,,,,,,,,,,,,,,,,,
E07000006,    South Bucks,69,64,5,,,,,,,,,,,,,,,,,,,,,,,,,,
E07000007,    Wycombe,176,165,10,,,,,,,,,,,,,,,,,,,,,,,,,,
E10000011,  East Sussex,539,515,23,,,,,,,,,,,,,,,,,,,,,,,,,,
E07000061,    Eastbourne,101,93,8,,,,,,,,,,,,,,,,,,,,,,,,,,
E07000062,    Hastings,90,87,4,,,,,,,,,,,,,,,,,,,,,,,,,,
E07000063,    Lewes,101,99,2,,,,,,,,,,,,,,,,,,,,,,,,,,
E07000064,    Rother,91,86,5,,,,,,,,,,,,,,,,,,,,,,,,,,
E07000065,    Wealden,155,151,5,,,,,,,,,,,,,,,,,,,,,,,,,,
E10000014,  Hampshire,"1,346","1,279",66,,,,,,,,,,,,,,,,,,,,,,,,,,
E07000084,    Basingstoke and Deane,176,163,13,,,,,,,,,,,,,,,,,,,,,,,,,,
E07000085,    East Hampshire,116,111,6,,,,,,,,,,,,,,,,,,,,,,,,,,
E07000086,    Eastleigh,131,125,6,,,,,,,,,,,,,,,,,,,,,,,,,,
E07000087,    Fareham,115,112,3,,,,,,,,,,,,,,,,,,,,,,,,,,
E07000088,    Gosport,84,81,3,,,,,,,,,,,,,,,,,,,,,,,,,,
E07000089,    Hart,92,88,4,,,,,,,,,,,,,,,,,,,,,,,,,,
E07000090,    Havant,122,118,4,,,,,,,,,,,,,,,,,,,,,,,,,,
E07000091,    New Forest,178,172,5,,,,,,,,,,,,,,,,,,,,,,,,,,
E07000092,    Rushmoor,94,86,8,,,,,,,,,,,,,,,,,,,,,,,,,,
E07000093,    Test Valley,119,115,4,,,,,,,,,,,,,,,,,,,,,,,,,,
E07000094,    Winchester,118,108,10,,,,,,,,,,,,,,,,,,,,,,,,,,
E10000016,  Kent ,"1,521","1,428",92,,,,,,,,,,,,,,,,,,,,,,,,,,
E07000105,    Ashford,126,116,10,,,,,,,,,,,,,,,,,,,,,,,,,,
E07000106,    Canterbury,157,143,14,,,,,,,,,,,,,,,,,,,,,,,,,,
E07000107,    Dartford,104,95,10,,,,,,,,,,,,,,,,,,,,,,,,,,
E07000108,    Dover,112,111,1,,,,,,,,,,,,,,,,,,,,,,,,,,
E07000109,    Gravesham,107,95,12,,,,,,,,,,,,,,,,,,,,,,,,,,
E07000110,    Maidstone,164,157,7,,,,,,,,,,,,,,,,,,,,,,,,,,
E07000111,    Sevenoaks,119,111,8,,,,,,,,,,,,,,,,,,,,,,,,,,
E07000112,    Shepway,109,105,4,,,,,,,,,,,,,,,,,,,,,,,,,,
E07000113,    Swale,142,134,8,,,,,,,,,,,,,,,,,,,,,,,,,,
E07000114,    Thanet,139,128,11,,,,,,,,,,,,,,,,,,,,,,,,,,
E07000115,    Tonbridge and Malling,126,121,4,,,,,,,,,,,,,,,,,,,,,,,,,,
E07000116,    Tunbridge Wells,115,111,4,,,,,,,,,,,,,,,,,,,,,,,,,,
E10000025,  Oxfordshire,671,601,70,,,,,,,,,,,,,,,,,,,,,,,,,,
E07000177,    Cherwell,144,135,9,,,,,,,,,,,,,,,,,,,,,,,,,,
E07000178,    Oxford,158,127,31,,,,,,,,,,,,,,,,,,,,,,,,,,
E07000179,    South Oxfordshire,136,128,8,,,,,,,,,,,,,,,,,,,,,,,,,,
E07000180,    Vale of White Horse,125,112,13,,,,,,,,,,,,,,,,,,,,,,,,,,
E07000181,    West Oxfordshire,108,99,9,,,,,,,,,,,,,,,,,,,,,,,,,,
E10000030,  Surrey,"1,166","1,049",117,,,,,,,,,,,,,,,,,,,,,,,,,,
E07000207,    Elmbridge,133,117,17,,,,,,,,,,,,,,,,,,,,,,,,,,
E07000208,    Epsom and Ewell,80,72,8,,,,,,,,,,,,,,,,,,,,,,,,,,
E07000209,    Guildford,146,135,10,,,,,,,,,,,,,,,,,,,,,,,,,,
E07000210,    Mole Valley,86,81,5,,,,,,,,,,,,,,,,,,,,,,,,,,
E07000211,    Reigate and Banstead,144,129,15,,,,,,,,,,,,,,,,,,,,,,,,,,
E07000212,    Runnymede,87,74,13,,,,,,,,,,,,,,,,,,,,,,,,,,
E07000213,    Spelthorne,99,83,16,,,,,,,,,,,,,,,,,,,,,,,,,,
E07000214,    Surrey Heath,87,80,7,,,,,,,,,,,,,,,,,,,,,,,,,,
E07000215,    Tandridge,85,79,6,,,,,,,,,,,,,,,,,,,,,,,,,,
E07000216,    Waverley,120,116,4,,,,,,,,,,,,,,,,,,,,,,,,,,
E07000217,    Woking,100,84,16,,,,,,,,,,,,,,,,,,,,,,,,,,
E10000032,  West Sussex,831,776,53,,,,,,,,,,,,,,,,,,,,,,,,,,
E07000223,    Adur,64,60,4,,,,,,,,,,,,,,,,,,,,,,,,,,
E07000224,    Arun,154,143,10,,,,,,,,,,,,,,,,,,,,,,,,,,
E07000225,    Chichester,115,110,5,,,,,,,,,,,,,,,,,,,,,,,,,,
E07000226,    Crawley,112,101,11,,,,,,,,,,,,,,,,,,,,,,,,,,
E07000227,    Horsham,134,126,8,,,,,,,,,,,,,,,,,,,,,,,,,,
E07000228,    Mid Sussex,145,136,9,,,,,,,,,,,,,,,,,,,,,,,,,,
E07000229,    Worthing,107,100,7,,,,,,,,,,,,,,,,,,,,,,,,,,
E12000009,South West,"5,428","5,080",345,,,,,,,,,,,,,,,,,,,,,,,,,,
E06000022,  Bath and North East Somerset,182,172,10,,,,,,,,,,,,,,,,,,,,,,,,,,
E06000028,  Bournemouth,195,166,29,,,,,,,,,,,,,,,,,,,,,,,,,,
E06000023,"  Bristol, City of",451,403,48,,,,,,,,,,,,,,,,,,,,,,,,,,
E06000052,  Cornwall23,550,531,19,,,,,,,,,,,,,,,,,,,,,,,,,,
E06000053,  Isles of Scilly24,:,:,:,,,,,,,,,,,,,,,,,,,,,,,,,,
E06000024,  North Somerset,209,199,10,,,,,,,,,,,,,,,,,,,,,,,,,,
E06000026,  Plymouth,262,247,14,,,,,,,,,,,,,,,,,,,,,,,,,,
E06000029,  Poole,151,141,10,,,,,,,,,,,,,,,,,,,,,,,,,,
E06000025,  South Gloucestershire,275,259,16,,,,,,,,,,,,,,,,,,,,,,,,,,
E06000030,  Swindon,219,183,37,,,,,,,,,,,,,,,,,,,,,,,,,,
E06000027,  Torbay,131,126,5,,,,,,,,,,,,,,,,,,,,,,,,,,
E06000054,  Wiltshire25,478,453,25,,,,,,,,,,,,,,,,,,,,,,,,,,
E10000008,  Devon,762,719,41,,,,,,,,,,,,,,,,,,,,,,,,,,
E07000040,    East Devon,135,129,7,,,,,,,,,,,,,,,,,,,,,,,,,,
E07000041,    Exeter,126,107,19,,,,,,,,,,,,,,,,,,,,,,,,,,
E07000042,    Mid Devon,79,78,c,,,,,,,,,,,,,,,,,,,,,,,,,,
E07000043,    North Devon,92,88,4,,,,,,,,,,,,,,,,,,,,,,,,,,
E07000044,    South Hams,83,79,3,,,,,,,,,,,,,,,,,,,,,,,,,,
E07000045,    Teignbridge,126,124,2,,,,,,,,,,,,,,,,,,,,,,,,,,
E07000046,    Torridge,66,63,3,,,,,,,,,,,,,,,,,,,,,,,,,,
E07000047,    West Devon,53,51,3,,,,,,,,,,,,,,,,,,,,,,,,,,
E10000009,  Dorset,413,403,10,,,,,,,,,,,,,,,,,,,,,,,,,,
E07000048,    Christchurch,49,49,.,,,,,,,,,,,,,,,,,,,,,,,,,,
E07000049,    East Dorset,88,87,1,,,,,,,,,,,,,,,,,,,,,,,,,,
E07000050,    North Dorset,68,66,2,,,,,,,,,,,,,,,,,,,,,,,,,,
E07000051,    Purbeck,45,43,2,,,,,,,,,,,,,,,,,,,,,,,,,,
E07000052,    West Dorset,99,96,2,,,,,,,,,,,,,,,,,,,,,,,,,,
E07000053,    Weymouth and Portland,64,62,2,,,,,,,,,,,,,,,,,,,,,,,,,,
E10000013,  Gloucestershire,613,577,36,,,,,,,,,,,,,,,,,,,,,,,,,,
E07000078,    Cheltenham,116,102,14,,,,,,,,,,,,,,,,,,,,,,,,,,
E07000079,    Cotswold,85,83,2,,,,,,,,,,,,,,,,,,,,,,,,,,
E07000080,    Forest of Dean,83,80,3,,,,,,,,,,,,,,,,,,,,,,,,,,
E07000081,    Gloucester,127,116,11,,,,,,,,,,,,,,,,,,,,,,,,,,
E07000082,    Stroud,116,112,3,,,,,,,,,,,,,,,,,,,,,,,,,,
E07000083,    Tewkesbury,87,85,3,,,,,,,,,,,,,,,,,,,,,,,,,,
E10000027,  Somerset,537,501,36,,,,,,,,,,,,,,,,,,,,,,,,,,
E07000187,    Mendip,109,102,7,,,,,,,,,,,,,,,,,,,,,,,,,,
E07000188,    Sedgemoor,120,113,7,,,,,,,,,,,,,,,,,,,,,,,,,,
E07000189,    South Somerset,163,148,16,,,,,,,,,,,,,,,,,,,,,,,,,,
E07000190,    Taunton Deane,111,106,5,,,,,,,,,,,,,,,,,,,,,,,,,,
E07000191,    West Somerset,33,32,1,,,,,,,,,,,,,,,,,,,,,,,,,,
,,,,,,,,,,,,,,,,,,,,,,,,,,,,,,
W92000004,Wales,"3,076","2,942",133,,,,,,,,,,,,,,,,,,,,,,,,,,
W06000001,    Isle of Anglesey / Ynys M»n,69,68,1,,,,,,,,,,,,,,,,,,,,,,,,,,
W06000002,    Gwynedd / Gwynedd,121,117,4,,,,,,,,,,,,,,,,,,,,,,,,,,
W06000003,    Conwy / Conwy,114,110,4,,,,,,,,,,,,,,,,,,,,,,,,,,
W06000004,    Denbighshire / Sir Ddinbych,94,92,2,,,,,,,,,,,,,,,,,,,,,,,,,,
W06000005,    Flintshire / Sir y Fflint,154,147,7,,,,,,,,,,,,,,,,,,,,,,,,,,
W06000006,    Wrexham / Wrecsam,137,127,9,,,,,,,,,,,,,,,,,,,,,,,,,,
W06000023,    Powys / Powys,130,127,3,,,,,,,,,,,,,,,,,,,,,,,,,,
W06000008,    Ceredigion / Ceredigion,75,72,3,,,,,,,,,,,,,,,,,,,,,,,,,,
W06000009,    Pembrokeshire / Sir Benfro,122,119,3,,,,,,,,,,,,,,,,,,,,,,,,,,
W06000010,    Carmarthenshire / Sir Gaerfyrddin,183,176,7,,,,,,,,,,,,,,,,,,,,,,,,,,
W06000011,    Swansea / Abertawe,241,221,20,,,,,,,,,,,,,,,,,,,,,,,,,,
W06000012,    Neath Port Talbot / Castell-nedd Port Talbot,140,137,3,,,,,,,,,,,,,,,,,,,,,,,,,,
W06000013,    Bridgend / Pen-y-bont ar Ogwr,140,137,2,,,,,,,,,,,,,,,,,,,,,,,,,,
W06000014,    Vale of Glamorgan / Bro Morgannwg,126,121,5,,,,,,,,,,,,,,,,,,,,,,,,,,
W06000015,    Cardiff / Caerdydd,358,323,35,,,,,,,,,,,,,,,,,,,,,,,,,,
W06000016,    Rhondda Cynon Taf / Rhondda Cynon Taf,236,231,5,,,,,,,,,,,,,,,,,,,,,,,,,,
W06000024,    Merthyr Tydfil / Merthyr Tudful,59,56,2,,,,,,,,,,,,,,,,,,,,,,,,,,
W06000018,    Caerphilly / Caerffili,179,177,3,,,,,,,,,,,,,,,,,,,,,,,,,,
W06000019,    Blaenau Gwent / Blaenau Gwent,69,67,1,,,,,,,,,,,,,,,,,,,,,,,,,,
W06000020,    Torfaen / Tor-faen,91,89,2,,,,,,,,,,,,,,,,,,,,,,,,,,
W06000021,    Monmouthshire / Sir Fynwy,91,88,3,,,,,,,,,,,,,,,,,,,,,,,,,,
W06000022,    Newport / Casnewydd,147,139,8,,,,,,,,,,,,,,,,,,,,,,,,,,
,,,,,,,,,,,,,,,,,,,,,,,,,,,,,,
S92000003,Scotland,"5,304","4,947",355,,,,,,,,,,,,,,,,,,,,,,,,,,
N92000002,Northern Ireland,"1,846","1,722",124,,,,,,,,,,,,,,,,,,,,,,,,,,