,,,,,,,,,,,,,,,,,,,,,,,,,
column reference number,52,,,,,,,,,,,,,,,,,,,,,,,,
,,,,,,,,,,,,,,,,,,,,,,,,,
"Claimant data by constituency: JSA claimants and Universal Credit claimants required to seek work, March 2017",,,,,,,,,,,,,,,,,,,,,,,,,
,,,,,,,,,,,,,,,,,,,,,,,,,
"Notes: Figures include JSA claimants and people claiming Universal Credit (UC) who are required to seek work. UC figures are provisional. All data are rounded to the nearest five, except for data on claims by type (JSA claimants only; UC claimants only). The number of JSA claimants and the number of UC claimants may not sum to the total claimant count as data are taken from different sources and are independently rounded.",,,,,,,,,,,,,,,,,,,,,,,,,
Claimant rate is the proportion of the economically active population aged 16-64 (as estimated by the Library) who are claiming JSA or claiming UC and required to seek work.,,,,,,,,,,,,,,,,,,,,,,,,,
,,,,,,,,,,,,,,,,,,,,,,,,,
,,,,,Claimant levels,,,,,Claimant rate,,,Claims by age group,,,,,,,,,,Claims by type,,
 ,,,,,All claimants,,,,,All claimants,,,18-24,,,,,50 and over,,,,,JSA only,UC only,
,,,,,Number,,Annual change,,,Rate,Rank,,Number,,Annual change,,,Number,,Annual change,,,,,
,,,,,,,level,%,,%,1=highest,,                                                                                      ,,level,%,,,,level,%,,,,
United Kingdom,Great Britain,,Total,Youth,"821,720",,"15,950",2,,2.6,,,"173,240",,"-4,415",-2.5,,"204,605",,"19,460",10.5,,"523,190","298,606",
Aberavon,Aberavon,Wales,"1,083.61803963426",343.61803963426,"1,080",,-80,-7,,3.6,140,,340,,5,1.5,,215,,5,2.4,,601,477,
Aberconwy,Aberconwy,Wales,687.57943201797,167.57943201797,685,,-85,-11,,2.6,285,,165,,-20,-10.8,,180,,-10,-5.3,,379,307,
Aberdeen North,Aberdeen North,Scotland,"2,178.85383765023",368.85383765023,"2,175",,430,25,,3.9,124,,365,,85,30.4,,495,,125,33.8,,"1,597",575,
Aberdeen South,Aberdeen South,Scotland,"1,412.61987939511",212.61987939511,"1,410",,170,14,,2.6,279,,210,,35,20.0,,425,,95,28.8,,"1,056",354,
Airdrie and Shotts,Airdrie and Shotts,Scotland,"1,698.98832618632",413.98832618632,"1,695",,-105,-6,,4.0,113,,410,,-70,-14.6,,385,,20,5.5,,"1,019",675,
Aldershot,Aldershot,England,636.08857299666,116.08857299666,635,,30,5,,1.1,568,,115,,-10,-8.0,,180,,10,5.9,,435,205,
Aldridge-Brownhills,Aldridge-Brownhills,England,782.16797480541,192.16797480541,780,,105,16,,2.2,355,,190,,35,22.6,,210,,35,20.0,,445,339,
Altrincham and Sale West,Altrincham and Sale West,England,671.36727665641,116.36727665641,670,,-10,-1,,1.4,514,,115,,-20,-14.8,,185,,0,0.0,,353,317,
Alyn and Deeside,Alyn and Deeside,Wales,831.93314032519,176.93314032519,830,,15,2,,1.9,388,,175,,-30,-14.6,,220,,45,25.7,,402,433,
Amber Valley,Amber Valley,England,861.97987932858,211.97987932858,860,,-35,-4,,2.0,380,,210,,-5,-2.3,,210,,-10,-4.5,,536,323,
Angus,Angus,Scotland,"1,373.28952664158",373.28952664158,"1,370",,95,7,,3.3,184,,370,,45,13.8,,335,,20,6.3,,955,415,
Arfon,Arfon,Wales,"1,013.53935404899",293.53935404899,"1,010",,-35,-3,,3.5,147,,290,,15,5.5,,220,,-20,-8.3,,639,369,
Argyll and Bute,Argyll and Bute,Scotland,917.23472950038,187.23472950038,915,,-40,-4,,2.2,342,,185,,-5,-2.6,,305,,20,7.0,,622,297,
Arundel and South Downs,Arundel and South Downs,England,370.82156182712,70.82156182712,370,,30,9,,0.8,619,,70,,-5,-6.7,,125,,30,31.6,,240,130,
Ashfield,Ashfield,England,"1,312.65264943186",322.65264943186,"1,310",,-65,-5,,2.7,272,,320,,-35,-9.9,,315,,15,5.0,,869,437,
Ashford,Ashford,England,"1,257.15065731662",322.15065731662,"1,255",,180,17,,2.2,358,,320,,65,25.5,,310,,50,19.2,,855,398,
Ashton-under-Lyne,Ashton-under-Lyne,England,"1,683.86950537905",408.86950537905,"1,680",,-5,0,,3.9,121,,405,,-40,-9.0,,345,,25,7.8,,777,904,
Aylesbury,Aylesbury,England,741.19291840778,141.19291840778,740,,95,15,,1.2,550,,140,,5,3.7,,190,,25,15.2,,518,219,
"Ayr, Carrick and Cumnock","Ayr, Carrick and Cumnock",Scotland,"1,814.34844776515",449.34844776515,"1,810",,75,4,,4.3,90,,445,,70,18.7,,405,,20,5.2,,"1,180",630,
Banbury,Banbury,England,490.77344451861,120.77344451861,490,,25,5,,0.8,626,,120,,5,4.3,,115,,15,15.0,,267,220,
Banff and Buchan,Banff and Buchan,Scotland,"1,247.69244407213",292.69244407213,"1,245",,25,2,,2.7,268,,290,,-10,-3.3,,315,,35,12.5,,848,397,
Barking,Barking,England,"2,188.54201729929",448.54201729929,"2,185",,90,4,,3.5,146,,445,,5,1.1,,525,,95,22.1,,"1,631",554,
Barnsley Central,Barnsley Central,England,"1,478.41593937995",318.41593937995,"1,475",,-95,-6,,3.4,163,,315,,-50,-13.7,,355,,25,7.6,,"1,080",393,
Barnsley East,Barnsley East,England,"1,433.24700254471",323.24700254471,"1,430",,-95,-6,,3.2,189,,320,,-50,-13.5,,345,,25,7.8,,"1,030",401,
Barrow and Furness,Barrow and Furness,England,"1,288.17961903432",303.17961903432,"1,285",,-55,-4,,3.2,195,,300,,-50,-14.3,,300,,20,7.1,,686,602,
Basildon and Billericay,Basildon and Billericay,England,"1,047.27990821786",242.27990821786,"1,045",,-125,-11,,2.3,333,,240,,-45,-15.8,,275,,20,7.8,,663,379,
Basingstoke,Basingstoke,England,776.23274980539,161.23274980539,775,,60,8,,1.2,535,,160,,45,39.1,,215,,25,13.2,,599,176,
Bassetlaw,Bassetlaw,England,"1,122.24546986055",267.24546986055,"1,120",,35,3,,2.2,339,,265,,5,1.9,,285,,30,11.8,,750,372,
Bath,Bath,England,"1,052.25260406216",192.25260406216,"1,050",,345,49,,2.3,338,,190,,45,31.0,,280,,105,60.0,,133,917,
Batley and Spen,Batley and Spen,England,"1,613.05012085985",408.05012085985,"1,610",,-25,-2,,3.1,212,,405,,-25,-5.8,,330,,25,8.2,,"1,007",604,
Battersea,Battersea,England,"1,266.74967717742",161.74967717742,"1,265",,-25,-2,,1.7,425,,160,,-25,-13.5,,385,,35,10.0,,898,365,
Beaconsfield,Beaconsfield,England,450.91109038643,60.91109038643,450,,30,7,,0.9,602,,60,,-5,-7.7,,150,,25,20.0,,336,115,
Beckenham,Beckenham,England,511.09894412231,76.09894412231,510,,80,19,,1.1,566,,75,,10,15.4,,165,,40,32.0,,398,107,
Bedford,Bedford,England,"1,818.47374147191",298.47374147191,"1,815",,-35,-2,,3.5,158,,295,,-40,-11.9,,485,,30,6.6,,"1,379",436,
Belfast East,Belfast East,Northern Ireland,"1,723.75992032855",353.75992032855,"1,720",,-255,-13,,3.8,130,,350,,-135,-27.8,,450,,15,3.4,,"1,720",..,
Belfast North,Belfast North,Northern Ireland,"3,036.80127711414",731.80127711414,"3,030",,-495,-14,,6.8,10,,725,,-150,-17.1,,635,,-70,-9.9,,"3,029",..,
Belfast South,Belfast South,Northern Ireland,"1,692.85420671804",352.85420671804,"1,690",,-345,-17,,2.9,239,,350,,-115,-24.7,,370,,-20,-5.1,,"1,689",..,
Belfast West,Belfast West,Northern Ireland,"2,812.37318799241",752.37318799241,"2,805",,-520,-16,,7.4,7,,745,,-150,-16.8,,615,,-45,-6.8,,"2,803",..,
Bermondsey and Old Southwark,Bermondsey and Old Southwark,England,"3,178.80152701801",398.80152701801,"3,175",,"1,010",47,,3.8,127,,395,,90,29.5,,980,,375,62.0,,590,"2,590",
"Berwickshire, Roxburgh and Selkirk","Berwickshire, Roxburgh and Selkirk",Scotland,"1,152.59333515712",267.59333515712,"1,150",,-30,-3,,2.6,283,,265,,-45,-14.5,,310,,10,3.3,,702,449,
Berwick-upon-Tweed,Berwick-upon-Tweed,England,802.29530528175,177.29530528175,800,,5,1,,2.3,330,,175,,-10,-5.4,,240,,15,6.7,,549,254,
Bethnal Green and Bow,Bethnal Green and Bow,England,"2,358.10649426023",433.10649426023,"2,355",,-140,-6,,3.1,206,,430,,-50,-10.4,,735,,55,8.1,,"1,738",616,
Beverley and Holderness,Beverley and Holderness,England,836.77199417411,211.77199417411,835,,-55,-6,,1.8,421,,210,,-10,-4.5,,210,,-25,-10.6,,567,265,
Bexhill and Battle,Bexhill and Battle,England,631.46464482745,151.46464482745,630,,-10,-2,,1.5,491,,150,,-15,-9.1,,170,,-15,-8.1,,355,272,
Bexleyheath and Crayford,Bexleyheath and Crayford,England,846.82366658764,186.82366658764,845,,110,15,,1.8,410,,185,,15,8.8,,190,,40,26.7,,558,288,
Birkenhead,Birkenhead,England,"1,919.82046159733",434.82046159733,"1,915",,-100,-5,,4.8,62,,430,,-75,-14.9,,415,,20,5.1,,753,"1,162",
"Birmingham, Edgbaston","Birmingham, Edgbaston",England,"2,565.46778466525",460.46778466526,"2,560",,175,7,,5.5,30,,455,,-10,-2.2,,615,,95,18.3,,"1,883",672,
"Birmingham, Erdington","Birmingham, Erdington",England,"3,482.56032988454",687.56032988454,"3,475",,-5,0,,7.6,6,,680,,-100,-12.8,,890,,85,10.6,,"2,602",870,
"Birmingham, Hall Green","Birmingham, Hall Green",England,"3,296.77047737317",806.77047737317,"3,290",,175,6,,6.8,11,,800,,65,8.8,,630,,45,7.7,,"2,083","1,207",
"Birmingham, Hodge Hill","Birmingham, Hodge Hill",England,"4,083.86369055388",933.86369055388,"4,075",,60,1,,8.9,2,,925,,-85,-8.4,,825,,105,14.6,,"2,978","1,095",
"Birmingham, Ladywood","Birmingham, Ladywood",England,"6,135.25075809819","1,125.25075809819","6,125",,260,4,,10.3,1,,"1,115",,30,2.8,,"1,265",,110,9.5,,"4,876","1,249",
"Birmingham, Northfield","Birmingham, Northfield",England,"2,891.19348839142",621.19348839143,"2,885",,275,11,,6.2,18,,615,,-30,-4.7,,595,,85,16.7,,"2,106",777,
"Birmingham, Perry Barr","Birmingham, Perry Barr",England,"3,852.83898832901",747.83898832901,"3,845",,155,4,,7.8,5,,740,,35,5.0,,835,,80,10.6,,"2,991",854,
"Birmingham, Selly Oak","Birmingham, Selly Oak",England,"2,244.68765629733",514.68765629733,"2,240",,150,7,,4.7,67,,510,,-10,-1.9,,465,,65,16.3,,"1,500",736,
"Birmingham, Yardley","Birmingham, Yardley",England,"2,981.07328156285",646.07328156285,"2,975",,235,9,,6.1,21,,640,,30,4.9,,695,,155,28.7,,"2,049",928,
Bishop Auckland,Bishop Auckland,England,"1,518.74608551636",373.74608551636,"1,515",,125,9,,3.7,132,,370,,15,4.2,,385,,50,14.9,,986,531,
Blackburn,Blackburn,England,"2,029.57912932657",474.57912932657,"2,025",,-115,-5,,4.6,76,,470,,-55,-10.5,,395,,10,2.6,,"1,078",949,
Blackley and Broughton,Blackley and Broughton,England,"2,805.63670819018",510.63670819018,"2,800",,-145,-5,,5.6,29,,505,,-100,-16.5,,565,,35,6.6,,"1,754","1,043",
Blackpool North and Cleveleys,Blackpool North and Cleveleys,England,"1,729.63287118804",339.63287118804,"1,725",,170,11,,4.6,71,,335,,10,3.1,,460,,85,22.7,,771,954,
Blackpool South,Blackpool South,England,"2,461.74603122395",451.74603122395,"2,455",,235,11,,6.7,13,,445,,5,1.1,,615,,105,20.6,,"1,057","1,401",
Blaenau Gwent,Blaenau Gwent,Wales,"1,564.99722290570",459.99722290571,"1,560",,-250,-14,,5.0,56,,455,,-50,-9.9,,325,,-30,-8.5,,"1,013",548,
Blaydon,Blaydon,England,"1,192.78975011351",292.78975011351,"1,190",,70,6,,2.8,248,,290,,25,9.4,,310,,35,12.7,,752,443,
Blyth Valley,Blyth Valley,England,"1,819.56612502010",419.56612502010,"1,815",,25,1,,4.6,78,,415,,-65,-13.5,,470,,75,19.0,,"1,320",496,
Bognor Regis and Littlehampton,Bognor Regis and Littlehampton,England,911.91920617153,176.91920617153,910,,100,12,,1.9,391,,175,,10,6.1,,275,,45,19.6,,617,293,
Bolsover,Bolsover,England,927.02780190280,262.02780190280,925,,20,2,,2.0,369,,260,,20,8.3,,190,,5,2.7,,615,311,
Bolton North East,Bolton North East,England,"2,285.19172523334",475.19172523334,"2,280",,115,5,,5.2,43,,470,,-20,-4.1,,495,,75,17.9,,"1,225","1,055",
Bolton South East,Bolton South East,England,"2,445.31539560634",600.31539560634,"2,440",,105,4,,5.3,36,,595,,5,0.8,,465,,40,9.4,,"1,219","1,221",
Bolton West,Bolton West,England,"1,292.73883569459",287.73883569459,"1,290",,65,5,,2.7,257,,285,,-50,-14.9,,305,,60,24.5,,590,696,
Bootle,Bootle,England,"2,695.81534240381",555.81534240381,"2,690",,-180,-6,,5.8,24,,550,,-105,-16.0,,635,,55,9.5,,"1,193","1,496",
Boston and Skegness,Boston and Skegness,England,"1,473.09393883677",363.09393883677,"1,470",,5,0,,3.1,207,,360,,-5,-1.4,,380,,45,13.4,,867,603,
Bosworth,Bosworth,England,681.33043073499,156.33043073499,680,,-15,-2,,1.3,521,,155,,-10,-6.1,,165,,5,3.1,,449,229,
Bournemouth East,Bournemouth East,England,"1,242.23726459258",207.23726459258,"1,240",,90,8,,2.2,341,,205,,-15,-6.8,,355,,65,22.4,,850,393,
Bournemouth West,Bournemouth West,England,"1,122.15156568241",197.15156568241,"1,120",,110,11,,2.2,357,,195,,-10,-4.9,,315,,75,31.3,,763,357,
Bracknell,Bracknell,England,626.04847463858,126.04847463858,625,,5,1,,1.0,580,,125,,30,31.6,,170,,0,0.0,,398,232,
Bradford East,Bradford East,England,"2,540.05990300258",595.05990300258,"2,535",,-95,-4,,5.1,49,,590,,20,3.5,,575,,30,5.5,,"1,872",665,
Bradford South,Bradford South,England,"1,918.92601076354",428.92601076354,"1,915",,0,0,,3.9,119,,425,,0,0.0,,415,,35,9.2,,"1,390",526,
Bradford West,Bradford West,England,"2,820.95525455515",635.95525455515,"2,815",,35,1,,6.0,22,,630,,0,0.0,,550,,40,7.8,,"1,995",823,
Braintree,Braintree,England,611.20204185100,126.20204185100,610,,-75,-11,,1.2,545,,125,,-50,-28.6,,185,,25,15.6,,463,145,
Brecon and Radnorshire,Brecon and Radnorshire,Wales,421.33990378411,101.33990378411,420,,0,0,,1.3,518,,100,,-15,-13.0,,125,,5,4.2,,254,164,
Brent Central,Brent Central,England,"3,029.13518652133",414.13518652133,"3,025",,-160,-5,,4.1,105,,410,,-20,-4.7,,915,,25,2.8,,"2,251",778,
Brent North,Brent North,England,"1,256.85860699487",226.85860699488,"1,255",,-80,-6,,1.9,403,,225,,-5,-2.2,,350,,-10,-2.8,,809,446,
Brentford and Isleworth,Brentford and Isleworth,England,"2,117.86659930779",297.86659930779,"2,115",,760,56,,2.9,236,,295,,85,40.5,,595,,270,83.1,,328,"1,785",
Brentwood and Ongar,Brentwood and Ongar,England,576.21781040744,141.21781040744,575,,150,35,,1.2,539,,140,,55,64.7,,145,,25,20.8,,387,191,
Bridgend,Bridgend,Wales,"1,042.70277057318",257.70277057318,"1,040",,75,8,,2.7,264,,255,,0,0.0,,240,,15,6.7,,694,347,
Bridgwater and West Somerset,Bridgwater and West Somerset,England,"1,628.13550333893",363.13550333893,"1,625",,590,57,,3.1,200,,360,,85,30.9,,395,,160,68.1,,210,"1,413",
Brigg and Goole,Brigg and Goole,England,992.29709669642,247.29709669642,990,,-70,-7,,2.3,328,,245,,-10,-3.9,,255,,-25,-8.9,,661,331,
"Brighton, Kemptown","Brighton, Kemptown",England,"1,167.53018407133",262.53018407133,"1,165",,105,10,,2.5,290,,260,,15,6.1,,295,,45,18.0,,807,361,
"Brighton, Pavilion","Brighton, Pavilion",England,"1,031.65173903211",201.65173903211,"1,030",,35,4,,1.7,445,,200,,0,0.0,,235,,30,14.6,,695,332,
Bristol East,Bristol East,England,"1,262.41557246845",222.41557246845,"1,260",,75,6,,2.4,309,,220,,-10,-4.3,,305,,55,22.0,,930,334,
Bristol North West,Bristol North West,England,"1,067.11829213083",227.11829213084,"1,065",,20,2,,2.1,361,,225,,25,12.5,,265,,40,17.8,,751,316,
Bristol South,Bristol South,England,"1,377.36237395830",297.36237395830,"1,375",,95,7,,2.4,317,,295,,-25,-7.8,,315,,60,23.5,,946,429,
Bristol West,Bristol West,England,"1,847.49085155168",272.49085155168,"1,845",,60,3,,2.5,297,,270,,5,1.9,,420,,45,12.0,,"1,356",488,
Broadland,Broadland,England,455.98797543271,115.98797543271,455,,50,12,,1.0,588,,115,,5,4.5,,130,,20,18.2,,256,196,
Bromley and Chislehurst,Bromley and Chislehurst,England,746.58320547589,161.58320547589,745,,70,10,,1.6,465,,160,,25,18.5,,215,,40,22.9,,566,175,
Bromsgrove,Bromsgrove,England,641.39736297720,166.39736297720,640,,35,6,,1.4,510,,165,,10,6.5,,170,,10,6.3,,416,222,
Broxbourne,Broxbourne,England,786.53621709501,146.53621709501,785,,15,2,,1.5,472,,145,,0,0.0,,205,,25,13.9,,569,218,
Broxtowe,Broxtowe,England,901.86563144537,236.86563144537,900,,90,11,,1.9,402,,235,,35,17.5,,200,,20,11.1,,581,319,
Buckingham,Buckingham,England,370.72482280663,50.72482280663,370,,85,30,,0.7,635,,50,,15,42.9,,120,,25,26.3,,269,99,
Burnley,Burnley,England,"1,779.49808345796",404.49808345796,"1,775",,140,9,,4.5,82,,400,,10,2.6,,415,,60,16.9,,834,943,
Burton,Burton,England,756.48698683880,181.48698683880,755,,15,2,,1.5,485,,180,,-5,-2.7,,180,,30,20.0,,430,327,
Bury North,Bury North,England,"1,433.38130884532",333.38130884532,"1,430",,-5,0,,3.4,170,,330,,-55,-14.3,,295,,10,3.5,,746,685,
Bury South,Bury South,England,"1,478.07627285381",323.07627285381,"1,475",,-40,-3,,3.1,209,,320,,-40,-11.1,,335,,10,3.1,,705,771,
Bury St Edmunds,Bury St Edmunds,England,691.16514666423,151.16514666423,690,,35,5,,1.2,554,,150,,10,7.1,,190,,10,5.6,,450,240,
Caerphilly,Caerphilly,Wales,"1,518.70731155898",418.70731155898,"1,515",,-195,-11,,3.7,136,,415,,-40,-8.8,,325,,-30,-8.5,,"1,031",482,
"Caithness, Sutherland and Easter Ross","Caithness, Sutherland and Easter Ross",Scotland,958.39260412399,198.39260412399,955,,35,4,,3.4,169,,195,,0,0.0,,290,,50,20.8,,620,338,
Calder Valley,Calder Valley,England,"1,021.93140546482",236.93140546482,"1,020",,65,7,,1.9,389,,235,,10,4.4,,285,,45,18.8,,589,431,
Camberwell and Peckham,Camberwell and Peckham,England,"2,793.92126439057",388.92126439058,"2,790",,95,4,,3.9,120,,385,,-30,-7.2,,870,,135,18.4,,"1,115","1,677",
Camborne and Redruth,Camborne and Redruth,England,"1,047.61237753920",272.61237753920,"1,045",,25,2,,2.6,280,,270,,45,20.0,,280,,20,7.7,,677,368,
Cambridge,Cambridge,England,721.20744732523,106.20744732523,720,,-20,-3,,1.2,542,,105,,-20,-16.0,,205,,10,5.1,,572,148,
Cannock Chase,Cannock Chase,England,851.74203123310,211.74203123310,850,,60,8,,1.7,426,,210,,25,13.5,,215,,25,13.2,,490,362,
Canterbury,Canterbury,England,956.79614774720,226.79614774720,955,,140,17,,1.8,417,,225,,55,32.4,,245,,25,11.4,,662,293,
Cardiff Central,Cardiff Central,Wales,"1,438.24614497608",298.24614497608,"1,435",,-110,-7,,3.2,190,,295,,-40,-11.9,,265,,-20,-7.0,,"1,079",360,
Cardiff North,Cardiff North,Wales,731.64074754635,166.64074754635,730,,-45,-6,,1.6,449,,165,,-15,-8.3,,185,,15,8.8,,513,217,
Cardiff South and Penarth,Cardiff South and Penarth,Wales,"1,878.29489230095",418.29489230095,"1,875",,-90,-5,,3.3,183,,415,,45,12.2,,380,,-25,-6.2,,"1,397",478,
Cardiff West,Cardiff West,Wales,"1,573.49709571412",343.49709571412,"1,570",,-130,-8,,3.5,153,,340,,-25,-6.8,,335,,0,0.0,,"1,147",424,
Carlisle,Carlisle,England,856.98398704708,206.98398704708,855,,-25,-3,,2.0,379,,205,,-20,-8.9,,200,,0,0.0,,361,492,
Carmarthen East and Dinefwr,Carmarthen East and Dinefwr,Wales,732.33122601582,167.33122601582,730,,-10,-1,,2.3,320,,165,,-35,-17.5,,200,,15,8.1,,524,207,
Carmarthen West and South Pembrokeshire,Carmarthen West and South Pembrokeshire,Wales,"1,048.04969861170",258.04969861170,"1,045",,-50,-5,,3.0,213,,255,,5,2.0,,270,,0,0.0,,731,309,
Carshalton and Wallington,Carshalton and Wallington,England,"1,668.15853472981",298.15853472981,"1,665",,535,47,,3.2,197,,295,,75,34.1,,435,,165,61.1,,207,"1,458",
Castle Point,Castle Point,England,711.70817806802,201.70817806802,710,,-50,-7,,1.7,438,,200,,0,0.0,,160,,-15,-8.6,,399,307,
Central Ayrshire,Central Ayrshire,Scotland,"1,729.24686428272",399.24686428272,"1,725",,25,1,,4.2,98,,395,,-25,-6.0,,430,,35,8.9,,"1,109",618,
Central Devon,Central Devon,England,441.00800636912,91.00800636912,440,,10,2,,1.0,586,,90,,0,0.0,,145,,15,11.5,,302,139,
Central Suffolk and North Ipswich,Central Suffolk and North Ipswich,England,531.11681446036,106.11681446036,530,,10,2,,1.1,562,,105,,-15,-12.5,,165,,30,22.2,,371,158,
Ceredigion,Ceredigion,Wales,536.67838985778,131.67838985778,535,,-10,-2,,1.7,442,,130,,-20,-13.3,,135,,-25,-15.6,,360,174,
Charnwood,Charnwood,England,355.71026806883,90.71026806883,355,,-35,-9,,0.7,638,,90,,15,20.0,,115,,5,4.5,,203,151,
Chatham and Aylesford,Chatham and Aylesford,England,"1,307.52350983084",307.52350983084,"1,305",,-70,-5,,2.5,291,,305,,-5,-1.6,,290,,-15,-4.9,,930,372,
Cheadle,Cheadle,England,586.33830756339,121.33830756339,585,,-5,-1,,1.3,520,,120,,-10,-7.7,,145,,10,7.4,,291,292,
Chelmsford,Chelmsford,England,951.65467637950,181.65467637950,950,,-30,-3,,1.7,444,,180,,-35,-16.3,,250,,15,6.4,,676,276,
Chelsea and Fulham,Chelsea and Fulham,England,"1,197.03698680837",127.03698680837,"1,195",,145,14,,2.0,367,,125,,-15,-10.7,,420,,125,42.4,,496,706,
Cheltenham,Cheltenham,England,821.48337497539,156.48337497539,820,,5,1,,1.5,486,,155,,-25,-13.9,,210,,30,16.7,,514,304,
Chesham and Amersham,Chesham and Amersham,England,420.94730922377,80.94730922377,420,,85,25,,0.9,594,,80,,15,23.1,,120,,20,20.0,,293,127,
Chesterfield,Chesterfield,England,"1,107.44072904356",297.44072904356,"1,105",,70,7,,2.4,303,,295,,-5,-1.7,,265,,25,10.4,,732,374,
Chichester,Chichester,England,676.38052953105,121.38052953105,675,,50,8,,1.4,513,,120,,5,4.3,,200,,30,17.6,,471,200,
Chingford and Woodford Green,Chingford and Woodford Green,England,982.07420601158,172.07420601158,980,,-5,-1,,2.1,363,,170,,-15,-8.1,,265,,30,12.8,,653,329,
Chippenham,Chippenham,England,621.24330695640,146.24330695640,620,,-25,-4,,1.2,534,,145,,-35,-19.4,,165,,15,10.0,,381,235,
Chipping Barnet,Chipping Barnet,England,"1,031.75091224354",156.75091224354,"1,030",,-10,-1,,1.8,424,,155,,-45,-22.5,,295,,35,13.5,,727,303,
Chorley,Chorley,England,"1,132.25852533666",272.25852533666,"1,130",,100,10,,2.3,336,,270,,15,5.9,,290,,45,18.4,,573,557,
Christchurch,Christchurch,England,416.19750573311,76.19750573311,415,,60,17,,1.2,548,,75,,10,15.4,,135,,35,35.0,,291,123,
Cities of London and Westminster,Cities of London and Westminster,England,"1,201.76404458300",131.76404458300,"1,200",,70,6,,1.8,423,,130,,0,0.0,,390,,65,20.0,,986,213,
City of Chester,City of Chester,England,916.93571999518,186.93571999518,915,,105,13,,1.9,387,,185,,5,2.8,,235,,30,14.6,,352,565,
City of Durham,City of Durham,England,"1,007.28712899593",242.28712899593,"1,005",,95,10,,2.3,332,,240,,35,17.1,,245,,45,22.5,,642,361,
Clacton,Clacton,England,"1,675.16746179399",410.16746179399,"1,670",,-5,0,,5.2,44,,405,,-15,-3.6,,455,,30,7.1,,"1,125",544,
Cleethorpes,Cleethorpes,England,"1,247.80049479071",302.80049479071,"1,245",,-85,-6,,2.8,246,,300,,-55,-15.5,,335,,40,13.6,,742,503,
Clwyd South,Clwyd South,Wales,737.09217929139,172.09217929139,735,,-85,-10,,2.1,362,,170,,-40,-19.0,,165,,-5,-2.9,,460,277,
Clwyd West,Clwyd West,Wales,942.94829901735,232.94829901735,940,,-30,-3,,2.9,226,,230,,-5,-2.1,,250,,20,8.7,,577,362,
"Coatbridge, Chryston and Bellshill","Coatbridge, Chryston and Bellshill",Scotland,"1,648.46100726687",368.46100726687,"1,645",,35,2,,3.5,160,,365,,-45,-11.0,,390,,30,8.3,,959,687,
Colchester,Colchester,England,"1,111.80442719733",231.80442719733,"1,110",,-140,-11,,1.8,412,,230,,-80,-25.8,,255,,-5,-1.9,,882,225,
Colne Valley,Colne Valley,England,"1,117.01932708783",262.01932708783,"1,115",,20,2,,2.0,373,,260,,0,0.0,,270,,35,14.9,,764,356,
Congleton,Congleton,England,531.21062471044,116.21062471044,530,,-10,-2,,1.2,540,,115,,-20,-14.8,,140,,5,3.7,,283,247,
Copeland,Copeland,England,"1,163.09306170709",258.09306170709,"1,160",,180,18,,3.1,208,,255,,5,2.0,,290,,55,23.4,,371,789,
Corby,Corby,England,"1,076.82471940637",261.82471940637,"1,075",,-130,-11,,1.8,409,,260,,-40,-13.3,,275,,-5,-1.8,,490,585,
Coventry North East,Coventry North East,England,"1,913.36340995743",353.36340995743,"1,910",,-15,-1,,3.4,174,,350,,20,6.1,,425,,25,6.3,,"1,380",531,
Coventry North West,Coventry North West,England,"1,237.30871060664",247.30871060664,"1,235",,15,1,,2.3,325,,245,,20,8.9,,270,,15,5.9,,920,315,
Coventry South,Coventry South,England,"1,437.74860030650",307.74860030650,"1,435",,85,6,,2.7,256,,305,,60,24.5,,310,,40,14.8,,"1,065",369,
Crawley,Crawley,England,991.65834929241,196.65834929241,990,,-75,-7,,1.7,443,,195,,20,11.4,,245,,-25,-9.3,,730,261,
Crewe and Nantwich,Crewe and Nantwich,England,"1,036.94537233380",241.94537233381,"1,035",,-45,-4,,1.9,384,,240,,-40,-14.3,,230,,0,0.0,,529,511,
Croydon Central,Croydon Central,England,"2,819.62851115427",504.62851115427,"2,815",,"1,035",58,,4.6,72,,500,,165,49.3,,745,,345,86.3,,414,"2,412",
Croydon North,Croydon North,England,"3,845.25588470461",670.25588470461,"3,840",,"1,170",44,,5.3,39,,665,,140,26.7,,995,,345,53.1,,841,"3,002",
Croydon South,Croydon South,England,"1,487.46744855445",267.46744855445,"1,485",,490,49,,2.5,302,,265,,80,43.2,,415,,150,56.6,,158,"1,333",
"Cumbernauld, Kilsyth and Kirkintilloch East","Cumbernauld, Kilsyth and Kirkintilloch East",Scotland,"1,247.86541169565",277.86541169565,"1,245",,70,6,,2.9,237,,275,,10,3.8,,290,,35,13.7,,619,626,
Cynon Valley,Cynon Valley,Wales,"1,188.84624105408",313.84624105408,"1,185",,-155,-12,,3.8,125,,310,,-65,-17.3,,255,,-15,-5.6,,810,376,
Dagenham and Rainham,Dagenham and Rainham,England,"1,738.36553127760",383.36553127760,"1,735",,105,6,,3.4,173,,380,,10,2.7,,405,,40,11.0,,"1,246",488,
Darlington,Darlington,England,"2,169.88245296772",504.88245296772,"2,165",,225,12,,4.9,59,,500,,75,17.6,,510,,80,18.6,,"1,483",684,
Dartford,Dartford,England,841.45726315389,196.45726315389,840,,65,8,,1.5,492,,195,,30,18.2,,200,,20,11.1,,587,248,
Daventry,Daventry,England,776.62634410616,156.62634410616,775,,105,16,,1.6,453,,155,,0,0.0,,255,,75,41.7,,281,497,
Delyn,Delyn,Wales,747.26894466925,192.26894466925,745,,-45,-6,,2.3,334,,190,,-10,-5.0,,175,,-15,-7.9,,447,298,
Denton and Reddish,Denton and Reddish,England,"1,217.81930262104",292.81930262105,"1,215",,-125,-9,,2.8,244,,290,,-35,-10.8,,255,,-25,-8.9,,514,700,
Derby North,Derby North,England,976.94156358795,216.94156358795,975,,85,10,,1.9,385,,215,,15,7.5,,195,,30,18.2,,629,342,
Derby South,Derby South,England,"1,683.23802316952",348.23802316952,"1,680",,-10,-1,,3.2,191,,345,,5,1.5,,355,,0,0.0,,"1,124",555,
Derbyshire Dales,Derbyshire Dales,England,275.74378497749,70.74378497748,275,,10,4,,0.7,631,,70,,15,27.3,,85,,10,13.3,,161,114,
Devizes,Devizes,England,500.95219620454,105.95219620454,500,,35,8,,1.0,593,,105,,-20,-16.0,,145,,40,38.1,,310,192,
Dewsbury,Dewsbury,England,"1,407.69473340233",347.69473340233,"1,405",,-30,-2,,2.7,266,,345,,-45,-11.5,,325,,50,18.2,,985,421,
Don Valley,Don Valley,England,"1,347.96305706116",367.96305706116,"1,345",,-80,-6,,3.0,224,,365,,-10,-2.7,,305,,5,1.7,,871,474,
Doncaster Central,Doncaster Central,England,"2,093.97185722784",478.97185722784,"2,090",,-100,-5,,4.0,115,,475,,-25,-5.0,,450,,5,1.1,,"1,452",638,
Doncaster North,Doncaster North,England,"1,828.98311453043",483.98311453043,"1,825",,-105,-5,,4.0,114,,480,,0,0.0,,380,,-35,-8.4,,"1,200",621,
Dover,Dover,England,"1,478.23332163797",358.23332163797,"1,475",,200,16,,3.2,192,,355,,70,24.6,,395,,30,8.2,,"1,087",387,
Dudley North,Dudley North,England,"1,915.02603334157",445.02603334157,"1,910",,115,6,,5.0,53,,440,,40,10.0,,475,,70,17.3,,"1,307",604,
Dudley South,Dudley South,England,"1,594.26009901125",379.26009901125,"1,590",,115,8,,4.3,95,,375,,45,13.6,,355,,60,20.3,,"1,096",495,
Dulwich and West Norwood,Dulwich and West Norwood,England,"2,063.14694486557",258.14694486557,"2,060",,85,4,,3.1,198,,255,,-10,-3.8,,640,,75,13.3,,"1,304",755,
Dumfries and Galloway,Dumfries and Galloway,Scotland,"1,177.64525505600",287.64525505600,"1,175",,10,1,,2.6,276,,285,,-35,-10.9,,290,,40,16.0,,728,446,
"Dumfriesshire, Clydesdale and Tweeddale","Dumfriesshire, Clydesdale and Tweeddale",Scotland,776.91015497318,161.91015497318,775,,35,5,,1.9,395,,160,,-5,-3.0,,245,,40,19.5,,504,268,
Dundee East,Dundee East,Scotland,"1,328.11637181418",343.11637181418,"1,325",,-90,-6,,3.1,202,,340,,5,1.5,,310,,-30,-8.8,,887,437,
Dundee West,Dundee West,Scotland,"2,160.19610982601",485.19610982602,"2,155",,-65,-3,,5.2,42,,480,,-55,-10.3,,505,,30,6.3,,"1,452",704,
Dunfermline and West Fife,Dunfermline and West Fife,Scotland,"1,517.98754488939",327.98754488939,"1,515",,200,15,,3.0,222,,325,,35,12.1,,340,,45,15.3,,"1,021",491,
Dwyfor Meirionnydd,Dwyfor Meirionnydd,Wales,526.97396189406,111.97396189406,525,,-50,-9,,2.0,381,,110,,-15,-12.0,,160,,-5,-3.0,,312,213,
Ealing Central and Acton,Ealing Central and Acton,England,"1,787.64800490938",187.64800490938,"1,785",,-25,-1,,2.6,274,,185,,-25,-11.9,,495,,40,8.8,,"1,321",463,
Ealing North,Ealing North,England,"1,682.76833285164",272.76833285164,"1,680",,-60,-3,,2.8,250,,270,,-15,-5.3,,440,,35,8.6,,"1,245",435,
"Ealing, Southall","Ealing, Southall",England,"1,588.24911129991",243.24911129991,"1,585",,-20,-1,,3.2,188,,240,,10,4.3,,420,,25,6.3,,"1,135",449,
Easington,Easington,England,"1,774.70774308221",484.70774308221,"1,770",,85,5,,4.7,65,,480,,5,1.1,,350,,15,4.5,,"1,096",673,
East Antrim,East Antrim,Northern Ireland,"1,503.49595797611",348.49595797611,"1,500",,-125,-8,,3.5,154,,345,,-85,-19.8,,420,,20,5.0,,"1,502",..,
East Devon,East Devon,England,486.06693459580,81.06693459580,485,,25,5,,1.1,574,,80,,5,6.7,,160,,25,18.5,,347,139,
East Dunbartonshire,East Dunbartonshire,Scotland,551.39447438553,131.39447438553,550,,75,16,,1.4,511,,130,,25,23.8,,140,,5,3.7,,262,290,
East Ham,East Ham,England,"1,852.47018017525",322.47018017525,"1,850",,-100,-5,,2.5,301,,320,,-10,-3.0,,525,,30,6.1,,"1,404",444,
East Hampshire,East Hampshire,England,370.78353668862,60.78353668862,370,,15,4,,0.8,622,,60,,0,0.0,,130,,10,8.3,,268,101,
"East Kilbride, Strathaven and Lesmahagow","East Kilbride, Strathaven and Lesmahagow",Scotland,"1,137.16974707622",267.16974707622,"1,135",,-50,-4,,2.2,354,,265,,-10,-3.6,,285,,-20,-6.6,,730,406,
East Londonderry,East Londonderry,Northern Ireland,"1,939.37081431344",484.37081431344,"1,935",,-415,-18,,4.4,88,,480,,-185,-27.8,,460,,-5,-1.1,,"1,933",..,
East Lothian,East Lothian,Scotland,"1,733.40251917385",328.40251917385,"1,730",,610,54,,3.4,166,,325,,55,20.4,,450,,195,76.5,,223,"1,512",
East Renfrewshire,East Renfrewshire,Scotland,721.64139939562,176.64139939562,720,,90,14,,1.6,448,,175,,55,45.8,,175,,40,29.6,,468,255,
East Surrey,East Surrey,England,561.00751314650,91.00751314650,560,,65,13,,1.0,587,,90,,0,0.0,,175,,40,29.6,,246,314,
East Worthing and Shoreham,East Worthing and Shoreham,England,776.60913006065,156.60913006065,775,,35,5,,1.6,455,,155,,5,3.3,,230,,25,12.2,,501,272,
East Yorkshire,East Yorkshire,England,"1,072.37079849427",257.37079849427,"1,070",,0,0,,2.4,316,,255,,40,18.6,,265,,-20,-7.0,,689,380,
Eastbourne,Eastbourne,England,"1,227.48092635774",257.48092635774,"1,225",,45,4,,2.5,298,,255,,-45,-15.0,,320,,15,4.9,,857,368,
Eastleigh,Eastleigh,England,480.84342826619,115.84342826619,480,,-50,-9,,0.8,615,,115,,0,0.0,,125,,-30,-19.4,,292,190,
Eddisbury,Eddisbury,England,576.41208262002,126.41208262002,575,,30,6,,1.4,506,,125,,-20,-13.8,,135,,10,8.0,,256,319,
Edinburgh East,Edinburgh East,Scotland,"1,297.57892264842",237.57892264842,"1,295",,-35,-3,,2.6,286,,235,,-15,-6.0,,315,,5,1.6,,882,417,
Edinburgh North and Leith,Edinburgh North and Leith,Scotland,"1,427.20144370962",197.20144370962,"1,425",,-50,-3,,2.2,347,,195,,-30,-13.3,,360,,30,9.1,,977,447,
Edinburgh South,Edinburgh South,Scotland,671.57605076653,141.57605076653,670,,-35,-5,,1.6,467,,140,,-10,-6.7,,150,,5,3.4,,430,237,
Edinburgh South West,Edinburgh South West,Scotland,"1,272.40111412158",242.40111412158,"1,270",,10,1,,2.4,312,,240,,-25,-9.4,,295,,35,13.5,,865,406,
Edinburgh West,Edinburgh West,Scotland,771.60693463449,141.60693463449,770,,10,1,,1.6,456,,140,,-10,-6.7,,210,,20,10.5,,512,261,
Edmonton,Edmonton,England,"2,143.99641072788",383.99641072788,"2,140",,-50,-2,,4.0,112,,380,,-60,-13.6,,575,,70,13.9,,"1,660",481,
Ellesmere Port and Neston,Ellesmere Port and Neston,England,"1,052.49402073900",267.49402073900,"1,050",,10,1,,2.5,296,,265,,5,1.9,,245,,5,2.1,,499,552,
Elmet and Rothwell,Elmet and Rothwell,England,531.10583875634,126.10583875634,530,,0,0,,1.1,565,,125,,5,4.2,,125,,-20,-13.8,,369,160,
Eltham,Eltham,England,"1,262.70052466720",272.70052466720,"1,260",,135,12,,2.7,265,,270,,35,14.9,,325,,45,16.1,,856,407,
Enfield North,Enfield North,England,"1,588.06697882524",288.06697882525,"1,585",,-35,-2,,3.1,210,,285,,-25,-8.1,,420,,20,5.0,,"1,183",397,
"Enfield, Southgate","Enfield, Southgate",England,971.83678631370,146.83678631370,970,,-25,-3,,1.8,406,,145,,-10,-6.5,,305,,20,7.0,,702,266,
Epping Forest,Epping Forest,England,806.62378916261,136.62378916261,805,,10,1,,1.6,454,,135,,25,22.7,,240,,20,9.1,,611,196,
Epsom and Ewell,Epsom and Ewell,England,475.88041727744,75.88041727744,475,,75,19,,0.9,607,,75,,10,15.4,,140,,30,27.3,,334,136,
Erewash,Erewash,England,"1,182.42654067999",302.42654067999,"1,180",,-45,-4,,2.4,305,,300,,-10,-3.2,,265,,-20,-7.0,,746,437,
Erith and Thamesmead,Erith and Thamesmead,England,"1,798.02183000172",333.02183000172,"1,795",,135,8,,3.0,217,,330,,5,1.5,,455,,60,15.2,,"1,294",505,
Esher and Walton,Esher and Walton,England,390.73768182881,60.73768182881,390,,60,18,,0.7,632,,60,,5,9.1,,130,,20,18.2,,275,113,
Exeter,Exeter,England,926.58597483893,171.58597483893,925,,105,13,,1.6,463,,170,,15,9.7,,235,,30,14.6,,672,252,
Falkirk,Falkirk,Scotland,"1,713.03370284634",413.03370284635,"1,710",,140,9,,3.0,215,,410,,55,15.5,,425,,65,18.1,,"1,011",700,
Fareham,Fareham,England,395.77244350576,80.77244350576,395,,-50,-11,,0.8,628,,80,,-5,-5.9,,115,,-10,-8.0,,270,124,
Faversham and Mid Kent,Faversham and Mid Kent,England,796.72664882393,181.72664882393,795,,30,4,,1.7,431,,180,,-20,-10.0,,230,,45,24.3,,546,250,
Feltham and Heston,Feltham and Heston,England,"2,573.75579357175",428.75579357175,"2,570",,"1,035",67,,3.8,131,,425,,125,41.7,,725,,355,95.9,,226,"2,349",
Fermanagh & South Tyrone,Fermanagh & South Tyrone,Northern Ireland,"1,493.04665613913",263.04665613913,"1,490",,-430,-22,,3.0,214,,260,,-140,-35.0,,405,,-80,-16.5,,"1,490",..,
Filton and Bradley Stoke,Filton and Bradley Stoke,England,626.15038309446,121.15038309446,625,,15,2,,1.2,556,,120,,0,0.0,,150,,15,11.1,,436,184,
Finchley and Golders Green,Finchley and Golders Green,England,"1,231.88709556324",126.88709556324,"1,230",,5,0,,1.9,398,,125,,-35,-21.9,,365,,65,21.7,,945,285,
Folkestone and Hythe,Folkestone and Hythe,England,"1,512.88584363850",312.88584363850,"1,510",,90,6,,2.9,230,,310,,5,1.6,,435,,35,8.8,,"1,124",389,
Forest of Dean,Forest of Dean,England,651.53742160576,141.53742160576,650,,-60,-8,,1.5,471,,140,,-45,-24.3,,175,,-5,-2.8,,424,227,
Foyle,Foyle,Northern Ireland,"3,758.69967766789",933.69967766789,"3,750",,-685,-15,,8.7,3,,925,,-300,-24.5,,800,,-55,-6.4,,"3,750",..,
Fylde,Fylde,England,772.04018078193,167.04018078193,770,,95,14,,2.0,366,,165,,5,3.1,,225,,50,28.6,,375,390,
Gainsborough,Gainsborough,England,"1,107.49946334917",297.49946334917,"1,105",,-160,-13,,2.5,295,,295,,-45,-13.2,,265,,-30,-10.2,,769,333,
Garston and Halewood,Garston and Halewood,England,"1,949.25813341271",409.25813341271,"1,945",,-50,-3,,4.3,96,,405,,-55,-12.0,,485,,25,5.4,,909,"1,033",
Gateshead,Gateshead,England,"2,365.02149595632",525.02149595632,"2,360",,175,8,,5.0,55,,520,,70,15.6,,570,,85,17.5,,"1,570",793,
Gedling,Gedling,England,"1,037.18557737294",227.18557737294,"1,035",,75,8,,2.2,350,,225,,-5,-2.2,,250,,35,16.3,,751,286,
Gillingham and Rainham,Gillingham and Rainham,England,"1,207.38680118637",267.38680118637,"1,205",,-60,-5,,2.4,313,,265,,-35,-11.7,,335,,70,26.4,,848,356,
Glasgow Central,Glasgow Central,Scotland,"2,214.58695713397",414.58695713397,"2,210",,55,3,,4.6,75,,410,,15,3.8,,500,,70,16.3,,"1,492",717,
Glasgow East,Glasgow East,Scotland,"2,255.36529141495",490.36529141495,"2,250",,-30,-1,,5.4,33,,485,,-60,-11.0,,500,,70,16.3,,"1,400",851,
Glasgow North,Glasgow North,Scotland,"1,629.17204153887",299.17204153887,"1,625",,175,12,,4.2,102,,295,,5,1.7,,360,,75,26.3,,"1,096",529,
Glasgow North East,Glasgow North East,Scotland,"2,446.25284197454",501.25284197454,"2,440",,45,2,,6.3,16,,495,,-5,-1.0,,545,,35,6.9,,"1,574",868,
Glasgow North West,Glasgow North West,Scotland,"1,964.61364515414",399.61364515414,"1,960",,0,0,,4.6,73,,395,,-40,-9.2,,420,,20,5.0,,"1,227",734,
Glasgow South,Glasgow South,Scotland,"1,628.57195735501",318.57195735501,"1,625",,50,3,,3.6,143,,315,,5,1.6,,375,,45,13.6,,999,626,
Glasgow South West,Glasgow South West,Scotland,"2,205.37909023461",465.37909023462,"2,200",,-35,-2,,5.4,32,,460,,-30,-6.1,,500,,35,7.5,,"1,319",883,
Glenrothes,Glenrothes,Scotland,"1,809.35742534470",494.35742534470,"1,805",,35,2,,4.4,89,,490,,0,0.0,,355,,-5,-1.4,,"1,240",567,
Gloucester,Gloucester,England,"1,352.19770525690",297.19770525690,"1,350",,-85,-6,,2.2,348,,295,,-10,-3.3,,335,,5,1.5,,978,370,
Gordon,Gordon,Scotland,941.69190443160,171.69190443160,940,,85,10,,1.7,440,,170,,45,36.0,,310,,40,14.8,,713,226,
Gosport,Gosport,England,691.42124155966,171.42124155966,690,,40,6,,1.4,502,,170,,10,6.3,,195,,45,30.0,,453,237,
Gower,Gower,Wales,676.89769578634,196.89769578634,675,,-75,-10,,1.9,397,,195,,20,11.4,,165,,-30,-15.4,,356,314,
Grantham and Stamford,Grantham and Stamford,England,966.79677677177,241.79677677177,965,,70,8,,1.8,416,,240,,5,2.1,,265,,50,23.3,,614,349,
Gravesham,Gravesham,England,"1,412.70883474209",327.70883474209,"1,410",,20,1,,2.7,261,,325,,-5,-1.5,,365,,35,10.6,,980,430,
Great Grimsby,Great Grimsby,England,"2,616.19100933913",626.19100933913,"2,610",,-10,0,,6.2,19,,620,,-10,-1.6,,585,,45,8.3,,"1,599","1,011",
Great Yarmouth,Great Yarmouth,England,"2,996.77023137641",656.77023137641,"2,990",,"1,030",53,,6.8,12,,650,,150,30.0,,785,,330,72.5,,476,"2,517",
Greenwich and Woolwich,Greenwich and Woolwich,England,"2,008.01573872557",348.01573872557,"2,005",,-10,0,,3.0,218,,345,,-15,-4.2,,505,,55,12.2,,"1,490",515,
Guildford,Guildford,England,450.78351221690,80.78351221689,450,,45,11,,0.8,623,,80,,30,60.0,,135,,0,0.0,,337,111,
Hackney North and Stoke Newington,Hackney North and Stoke Newington,England,"2,328.13315726908",283.13315726908,"2,325",,-90,-4,,3.1,201,,280,,-25,-8.2,,725,,70,10.7,,"1,904",420,
Hackney South and Shoreditch,Hackney South and Shoreditch,England,"2,578.54303363683",373.54303363683,"2,575",,-120,-4,,3.5,145,,370,,-25,-6.3,,735,,35,5.0,,"2,007",570,
Halesowen and Rowley Regis,Halesowen and Rowley Regis,England,"1,463.53085676148",303.53085676148,"1,460",,35,2,,3.5,149,,300,,25,9.1,,355,,-10,-2.7,,996,465,
Halifax,Halifax,England,"1,758.50548055304",423.50548055304,"1,755",,-50,-3,,3.5,150,,420,,-30,-6.7,,355,,-5,-1.4,,"1,081",674,
Haltemprice and Howden,Haltemprice and Howden,England,496.16316821016,126.16316821016,495,,-5,-1,,1.2,555,,125,,5,4.2,,150,,15,11.1,,335,161,
Halton,Halton,England,"2,109.59028347587",444.59028347587,"2,105",,390,23,,4.6,74,,440,,-5,-1.1,,460,,150,48.4,,231,"1,872",
Hammersmith,Hammersmith,England,"2,794.23877066640",349.23877066640,"2,790",,405,17,,4.2,99,,345,,5,1.5,,870,,210,31.8,,912,"1,881",
Hampstead and Kilburn,Hampstead and Kilburn,England,"1,722.23050196144",167.23050196144,"1,720",,-110,-6,,2.2,344,,165,,-35,-17.5,,575,,35,6.5,,"1,377",345,
Harborough,Harborough,England,485.96933829492,110.96933829492,485,,-25,-5,,1.0,591,,110,,5,4.8,,120,,-20,-14.3,,263,225,
Harlow,Harlow,England,"1,067.15660407016",167.15660407016,"1,065",,-20,-2,,2.2,356,,165,,-30,-15.4,,335,,30,9.8,,807,262,
Harrogate and Knaresborough,Harrogate and Knaresborough,England,891.73393025849,131.73393025849,890,,410,85,,1.7,429,,130,,35,36.8,,255,,125,96.2,,85,803,
Harrow East,Harrow East,England,786.48262211007,136.48262211007,785,,20,3,,1.5,487,,135,,5,3.8,,225,,30,15.4,,575,210,
Harrow West,Harrow West,England,991.79584493855,151.79584493855,990,,50,5,,1.8,418,,150,,-10,-6.3,,265,,30,12.8,,743,249,
Hartlepool,Hartlepool,England,"3,007.04903354735",742.04903354735,"3,000",,120,4,,7.0,8,,735,,45,6.5,,725,,95,15.1,,"1,340","1,663",
Harwich and North Essex,Harwich and North Essex,England,741.73749815942,196.73749815942,740,,-90,-11,,1.7,428,,195,,-30,-13.3,,200,,10,5.3,,502,237,
Hastings and Rye,Hastings and Rye,England,"1,728.43548000651",338.43548000651,"1,725",,130,8,,3.4,161,,335,,-15,-4.3,,465,,60,14.8,,816,909,
Havant,Havant,England,952.18385887855,222.18385887855,950,,-15,-2,,2.2,351,,220,,-35,-13.7,,290,,30,11.5,,682,269,
Hayes and Harlington,Hayes and Harlington,England,"1,512.48023139976",267.48023139976,"1,510",,-20,-1,,2.5,299,,265,,10,3.9,,370,,15,4.2,,"1,237",270,
Hazel Grove,Hazel Grove,England,757.02778682987,182.02778682987,755,,-25,-3,,2.0,370,,180,,-25,-12.2,,200,,5,2.6,,338,414,
Hemel Hempstead,Hemel Hempstead,England,976.77098541143,206.77098541143,975,,45,5,,1.8,422,,205,,20,10.8,,255,,30,13.3,,675,305,
Hemsworth,Hemsworth,England,"1,167.63687957060",327.63687957060,"1,165",,115,11,,2.6,277,,325,,55,20.4,,245,,25,11.4,,725,437,
Hendon,Hendon,England,"1,462.20572269330",237.20572269330,"1,460",,65,5,,2.2,346,,235,,5,2.2,,400,,65,19.4,,"1,037",426,
Henley,Henley,England,290.60332241106,30.60332241106,290,,40,16,,0.6,649,,30,,-10,-25.0,,105,,30,40.0,,209,83,
Hereford and South Herefordshire,Hereford and South Herefordshire,England,691.42556478877,171.42556478877,690,,60,10,,1.4,500,,170,,-5,-2.9,,175,,15,9.4,,369,320,
Hertford and Stortford,Hertford and Stortford,England,545.91284254615,100.91284254615,545,,0,0,,0.9,601,,100,,5,5.3,,140,,5,3.7,,396,149,
Hertsmere,Hertsmere,England,776.53261787172,126.53261787172,775,,-35,-4,,1.5,474,,125,,-15,-10.7,,235,,5,2.2,,529,245,
Hexham,Hexham,England,511.41769098445,126.41769098445,510,,45,10,,1.4,504,,125,,35,38.9,,145,,5,3.6,,332,180,
Heywood and Middleton,Heywood and Middleton,England,"1,823.62620759748",398.62620759748,"1,820",,-15,-1,,3.6,139,,395,,-95,-19.4,,410,,80,24.2,,778,"1,043",
High Peak,High Peak,England,671.45102646389,146.45102646389,670,,-5,-1,,1.5,495,,145,,-25,-14.7,,190,,30,18.8,,442,227,
Hitchin and Harpenden,Hitchin and Harpenden,England,546.05199287612,76.05199287612,545,,35,7,,1.1,579,,75,,5,7.1,,190,,20,11.8,,406,139,
Holborn and St Pancras,Holborn and St Pancras,England,"1,917.64864463841",297.64864463841,"1,915",,50,3,,2.6,273,,295,,5,1.7,,610,,80,15.1,,"1,371",543,
Hornchurch and Upminster,Hornchurch and Upminster,England,"1,077.06721792486",217.06721792486,"1,075",,105,11,,2.1,364,,215,,35,19.4,,275,,45,19.6,,802,273,
Hornsey and Wood Green,Hornsey and Wood Green,England,"1,747.30759289304",282.30759289304,"1,745",,5,0,,2.3,326,,280,,10,3.7,,510,,70,15.9,,"1,271",473,
Horsham,Horsham,England,500.90857593381,90.90857593381,500,,55,12,,0.9,603,,90,,15,20.0,,175,,50,40.0,,361,139,
Houghton and Sunderland South,Houghton and Sunderland South,England,"1,669.03687621527",429.03687621528,"1,665",,135,9,,4.0,108,,425,,55,14.9,,390,,55,16.4,,"1,046",620,
Hove,Hove,England,"1,121.99052990396",191.99052990396,"1,120",,65,6,,2.0,378,,190,,-15,-7.3,,295,,45,18.0,,791,332,
Huddersfield,Huddersfield,England,"1,909.01474400722",399.01474400722,"1,905",,85,5,,4.0,110,,395,,-20,-4.8,,430,,45,11.7,,"1,429",474,
Huntingdon,Huntingdon,England,525.85715763770,125.85715763770,525,,40,8,,0.9,610,,125,,30,31.6,,125,,5,4.2,,359,166,
Hyndburn,Hyndburn,England,"1,493.53170667559",398.53170667559,"1,490",,80,6,,3.5,148,,395,,5,1.3,,315,,30,10.5,,668,823,
Ilford North,Ilford North,England,881.63127365459,161.63127365459,880,,10,1,,1.6,450,,160,,10,6.7,,235,,15,6.8,,637,244,
Ilford South,Ilford South,England,"1,572.41469624177",287.41469624177,"1,570",,50,3,,2.4,310,,285,,25,9.6,,370,,20,5.7,,"1,141",428,
Inverclyde,Inverclyde,Scotland,"1,814.96610907399",334.96610907400,"1,810",,280,18,,5.0,57,,330,,-10,-2.9,,455,,55,13.8,,564,"1,245",
"Inverness, Nairn, Badenoch and Strathspey","Inverness, Nairn, Badenoch and Strathspey",Scotland,"1,487.75613290334",242.75613290335,"1,485",,470,46,,2.8,255,,240,,30,14.3,,425,,180,73.5,,184,"1,300",
Ipswich,Ipswich,England,"1,607.76674227053",287.76674227053,"1,605",,35,2,,2.8,254,,285,,-30,-9.5,,430,,70,19.4,,"1,174",429,
Isle of Wight,Isle of Wight,England,"1,702.83121973320",422.83121973320,"1,700",,15,1,,2.8,242,,420,,20,5.0,,465,,25,5.7,,"1,125",577,
Islington North,Islington North,England,"2,088.23178921718",303.23178921718,"2,085",,110,6,,3.2,193,,300,,-30,-9.1,,600,,95,18.8,,"1,562",524,
Islington South and Finsbury,Islington South and Finsbury,England,"1,687.58665409605",277.58665409605,"1,685",,130,8,,2.6,284,,275,,-20,-6.8,,490,,115,30.7,,"1,185",503,
Islwyn,Islwyn,Wales,"1,228.46295308316",343.46295308316,"1,225",,-250,-17,,3.5,159,,340,,-75,-18.1,,245,,-50,-16.9,,795,434,
Jarrow,Jarrow,England,"1,834.53290149666",389.53290149666,"1,830",,-110,-6,,4.5,79,,385,,-35,-8.3,,495,,-35,-6.6,,"1,306",524,
Keighley,Keighley,England,"1,067.32945841897",232.32945841897,"1,065",,-10,-1,,2.3,321,,230,,25,12.2,,270,,10,3.8,,758,309,
Kenilworth and Southam,Kenilworth and Southam,England,235.61403689342,35.61403689341,235,,20,9,,0.6,646,,35,,-5,-12.5,,85,,15,21.4,,133,100,
Kensington,Kensington,England,"1,357.30457386834",157.30457386834,"1,355",,35,3,,2.3,327,,155,,-25,-13.9,,480,,80,20.0,,820,533,
Kettering,Kettering,England,"1,042.12397137527",232.12397137527,"1,040",,-80,-7,,2.1,359,,230,,-40,-14.8,,265,,-5,-1.9,,660,380,
Kilmarnock and Loudoun,Kilmarnock and Loudoun,Scotland,"2,104.50309503441",474.50309503441,"2,100",,120,6,,4.5,81,,470,,50,11.9,,505,,5,1.0,,"1,482",617,
Kingston and Surbiton,Kingston and Surbiton,England,"1,016.48150987131",161.48150987131,"1,015",,65,7,,1.5,488,,160,,5,3.2,,270,,35,14.9,,766,250,
Kingston upon Hull East,Kingston upon Hull East,England,"2,074.63555757599",534.63555757599,"2,070",,-120,-5,,4.6,70,,530,,-5,-0.9,,465,,-5,-1.1,,"1,427",644,
Kingston upon Hull North,Kingston upon Hull North,England,"2,320.05497094345",590.05497094345,"2,315",,-140,-6,,5.1,50,,585,,-5,-0.8,,475,,35,8.0,,"1,668",649,
Kingston upon Hull West and Hessle,Kingston upon Hull West and Hessle,England,"2,320.26979232051",495.26979232051,"2,315",,-70,-3,,5.3,38,,490,,-10,-2.0,,520,,-35,-6.3,,"1,704",611,
Kingswood,Kingswood,England,651.36036413981,146.36036413981,650,,20,3,,1.4,515,,145,,-10,-6.5,,160,,20,14.3,,474,174,
Kirkcaldy and Cowdenbeath,Kirkcaldy and Cowdenbeath,Scotland,"2,134.57657120593",489.57657120593,"2,130",,110,5,,4.6,77,,485,,55,12.8,,465,,35,8.1,,"1,499",635,
Knowsley,Knowsley,England,"2,580.42765361217",635.42765361217,"2,575",,55,2,,5.4,31,,630,,-40,-6.0,,555,,50,9.9,,"1,011","1,565",
Lagan Valley,Lagan Valley,Northern Ireland,"1,202.34679596485",262.34679596485,"1,200",,-295,-20,,2.3,319,,260,,-135,-34.2,,320,,-5,-1.5,,"1,202",..,
Lanark and Hamilton East,Lanark and Hamilton East,Scotland,"1,548.27763304086",393.27763304086,"1,545",,20,1,,3.3,186,,390,,-5,-1.3,,315,,10,3.3,,976,568,
Lancaster and Fleetwood,Lancaster and Fleetwood,England,"1,167.89675202950",227.89675202950,"1,165",,150,15,,2.9,229,,225,,-30,-11.8,,285,,75,35.7,,379,787,
Leeds Central,Leeds Central,England,"3,855.27161550455",755.27161550455,"3,850",,-105,-3,,5.3,37,,750,,-60,-7.4,,765,,50,7.0,,"2,854",997,
Leeds East,Leeds East,England,"2,270.06715942330",515.06715942330,"2,265",,5,0,,5.1,48,,510,,-25,-4.7,,460,,40,9.5,,"1,658",608,
Leeds North East,Leeds North East,England,"1,322.76817248134",252.76817248134,"1,320",,145,12,,2.8,251,,250,,20,8.7,,340,,65,23.6,,954,367,
Leeds North West,Leeds North West,England,726.72746130173,151.72746130173,725,,30,4,,1.7,430,,150,,-5,-3.2,,145,,-10,-6.5,,499,225,
Leeds West,Leeds West,England,"2,134.29457167704",434.29457167704,"2,130",,65,3,,4.3,94,,430,,-30,-6.5,,425,,15,3.7,,"1,513",618,
Leicester East,Leicester East,England,"1,047.01167489591",227.01167489591,"1,045",,-255,-20,,2.0,374,,225,,-20,-8.2,,250,,-70,-21.9,,680,367,
Leicester South,Leicester South,England,"1,507.76764089270",322.76764089270,"1,505",,-245,-14,,2.8,252,,320,,-25,-7.2,,360,,-55,-13.3,,"1,000",501,
Leicester West,Leicester West,England,"1,487.88259994380",312.88259994380,"1,485",,-295,-17,,2.9,231,,310,,-65,-17.3,,305,,-10,-3.2,,"1,010",474,
Leigh,Leigh,England,"1,853.59729065797",408.59729065797,"1,850",,195,12,,3.6,141,,405,,15,3.8,,420,,95,29.2,,851,"1,000",
Lewes,Lewes,England,651.58590904613,141.58590904613,650,,70,12,,1.6,464,,140,,-20,-12.5,,175,,50,40.0,,407,247,
Lewisham East,Lewisham East,England,"1,808.11496980844",278.11496980844,"1,805",,-15,-1,,3.1,204,,275,,-50,-15.4,,550,,75,15.8,,"1,337",464,
Lewisham West and Penge,Lewisham West and Penge,England,"1,878.00543447349",293.00543447349,"1,875",,45,2,,3.0,219,,290,,-10,-3.3,,575,,75,15.0,,"1,409",465,
"Lewisham, Deptford","Lewisham, Deptford",England,"2,218.11505531307",318.11505531307,"2,215",,-30,-1,,3.1,203,,315,,-15,-4.5,,665,,60,9.9,,"1,582",631,
Leyton and Wanstead,Leyton and Wanstead,England,"1,512.55478089343",262.55478089343,"1,510",,40,3,,2.6,288,,260,,20,8.3,,415,,50,13.7,,"1,101",412,
Lichfield,Lichfield,England,440.98424811712,115.98424811712,440,,40,10,,1.0,589,,115,,0,0.0,,125,,10,8.7,,259,182,
Lincoln,Lincoln,England,"1,713.02372174827",443.02372174827,"1,710",,15,1,,3.0,216,,440,,30,7.3,,375,,50,15.4,,"1,172",540,
Linlithgow and East Falkirk,Linlithgow and East Falkirk,Scotland,"1,632.76756034631",407.76756034631,"1,630",,90,6,,2.8,253,,405,,-20,-4.7,,360,,25,7.5,,977,657,
"Liverpool, Riverside","Liverpool, Riverside",England,"2,674.45088464111",484.45088464111,"2,670",,-65,-2,,4.5,85,,480,,-60,-11.1,,610,,75,14.0,,"1,270","1,400",
"Liverpool, Walton","Liverpool, Walton",England,"2,791.65113884741",606.65113884741,"2,785",,40,1,,6.7,14,,600,,-75,-11.1,,580,,65,12.6,,"1,035","1,750",
"Liverpool, Wavertree","Liverpool, Wavertree",England,"2,370.33462050889",485.33462050889,"2,365",,-5,0,,5.3,35,,480,,-50,-9.4,,485,,45,10.2,,"1,303","1,063",
"Liverpool, West Derby","Liverpool, West Derby",England,"2,180.10981030484",475.10981030484,"2,175",,-50,-2,,5.1,46,,470,,-80,-14.5,,455,,15,3.4,,913,"1,266",
Livingston,Livingston,Scotland,"1,372.42797427754",372.42797427754,"1,370",,60,5,,2.4,304,,370,,50,15.6,,285,,30,11.8,,801,565,
Llanelli,Llanelli,Wales,"1,133.10693859216",303.10693859216,"1,130",,20,2,,3.1,205,,300,,15,5.3,,265,,20,8.2,,761,369,
Loughborough,Loughborough,England,646.28426792123,146.28426792123,645,,-45,-7,,1.3,527,,145,,5,3.6,,180,,-15,-7.7,,397,250,
Louth and Horncastle,Louth and Horncastle,England,997.52334379417,247.52334379417,995,,125,14,,2.5,292,,245,,0,0.0,,255,,55,27.5,,651,344,
Ludlow,Ludlow,England,501.30109082124,111.30109082124,500,,60,14,,1.3,525,,110,,5,4.8,,160,,35,28.0,,309,194,
Luton North,Luton North,England,"1,072.23125409830",212.23125409830,"1,070",,-90,-8,,2.2,343,,210,,-10,-4.5,,300,,5,1.7,,798,275,
Luton South,Luton South,England,"1,682.85771585179",262.85771585179,"1,680",,55,3,,2.9,238,,260,,-30,-10.3,,415,,25,6.4,,"1,309",373,
Macclesfield,Macclesfield,England,736.62799902824,146.62799902824,735,,15,2,,1.6,451,,145,,0,0.0,,220,,15,7.3,,357,380,
Maidenhead,Maidenhead,England,541.03323258815,76.03323258815,540,,125,30,,1.0,583,,75,,0,0.0,,175,,65,59.1,,376,164,
Maidstone and The Weald,Maidstone and The Weald,England,866.60291793378,186.60291793378,865,,60,7,,1.6,459,,185,,-5,-2.6,,205,,25,13.9,,606,258,
Makerfield,Makerfield,England,"1,357.80911479232",332.80911479232,"1,355",,-50,-4,,2.8,245,,330,,-45,-12.0,,280,,10,3.7,,636,716,
Maldon,Maldon,England,531.20889731154,116.20889731154,530,,-5,-1,,1.2,541,,115,,15,15.0,,155,,0,0.0,,350,182,
Manchester Central,Manchester Central,England,"3,024.29570059364",574.29570059364,"3,020",,-85,-3,,4.3,93,,570,,-50,-8.1,,625,,40,6.8,,"1,725","1,298",
"Manchester, Gorton","Manchester, Gorton",England,"2,369.64597232050",464.64597232050,"2,365",,-125,-5,,4.6,68,,460,,-45,-8.9,,510,,30,6.3,,"1,376",987,
"Manchester, Withington","Manchester, Withington",England,"1,182.18341510886",247.18341510886,"1,180",,-185,-14,,2.2,352,,245,,-45,-15.5,,250,,-15,-5.7,,571,608,
Mansfield,Mansfield,England,"1,392.71749732921",357.71749732921,"1,390",,-45,-3,,2.7,259,,355,,-30,-7.8,,310,,35,12.7,,925,463,
Meon Valley,Meon Valley,England,410.90481938721,85.90481938721,410,,-5,-1,,0.9,604,,85,,-5,-5.6,,115,,-5,-4.2,,272,137,
Meriden,Meriden,England,"1,733.40919499438",458.40919499438,"1,730",,145,9,,3.4,164,,455,,0,0.0,,350,,60,20.7,,"1,089",639,
Merthyr Tydfil and Rhymney,Merthyr Tydfil and Rhymney,Wales,"1,589.64408956384",409.64408956384,"1,585",,-55,-3,,4.6,69,,405,,5,1.3,,350,,0,0.0,,"1,115",472,
Mid Bedfordshire,Mid Bedfordshire,England,475.84490922850,110.84490922850,475,,25,6,,0.8,613,,110,,10,10.0,,150,,30,25.0,,330,140,
Mid Derbyshire,Mid Derbyshire,England,365.87852647288,90.87852647288,365,,40,12,,0.9,608,,90,,15,20.0,,100,,15,17.6,,218,147,
Mid Dorset and North Poole,Mid Dorset and North Poole,England,426.08191989245,91.08191989245,425,,25,6,,1.1,569,,90,,-15,-14.3,,125,,25,25.0,,283,139,
Mid Norfolk,Mid Norfolk,England,671.39912167807,161.39912167807,670,,45,7,,1.4,509,,160,,0,0.0,,185,,40,27.6,,444,224,
Mid Sussex,Mid Sussex,England,350.62161386478,70.62161386478,350,,-5,-1,,0.6,645,,70,,5,7.7,,100,,0,0.0,,244,107,
Mid Ulster,Mid Ulster,Northern Ireland,"1,042.26498299186",252.26498299186,"1,040",,-285,-22,,2.3,335,,250,,-85,-25.4,,250,,-55,-18.0,,"1,041",..,
Mid Worcestershire,Mid Worcestershire,England,591.24984733343,126.24984733343,590,,-15,-2,,1.2,533,,125,,-20,-13.8,,175,,25,16.7,,388,203,
Middlesbrough,Middlesbrough,England,"3,498.30897910965",793.30897910965,"3,490",,125,4,,8.3,4,,785,,50,6.8,,755,,45,6.3,,"2,557",935,
Middlesbrough South and East Cleveland,Middlesbrough South and East Cleveland,England,"1,784.25022078403",454.25022078404,"1,780",,-95,-5,,4.3,97,,450,,35,8.4,,430,,-35,-7.5,,"1,219",557,
Midlothian,Midlothian,Scotland,"1,032.38078345304",257.38078345304,"1,030",,65,7,,2.4,314,,255,,10,4.1,,240,,55,29.7,,594,433,
Milton Keynes North,Milton Keynes North,England,"1,407.04129979322",227.04129979322,"1,405",,55,4,,2.0,365,,225,,-20,-8.2,,345,,35,11.3,,"1,064",340,
Milton Keynes South,Milton Keynes South,England,"1,371.99226572880",216.99226572880,"1,370",,0,0,,2.0,376,,215,,-10,-4.4,,335,,15,4.7,,"1,051",316,
Mitcham and Morden,Mitcham and Morden,England,"1,788.14058868655",298.14058868655,"1,785",,265,17,,3.1,199,,295,,50,20.4,,470,,100,27.0,,982,800,
Mole Valley,Mole Valley,England,335.73098036444,45.73098036444,335,,40,14,,0.7,634,,45,,5,12.5,,125,,15,13.6,,264,72,
Monmouth,Monmouth,Wales,611.56871322388,166.56871322388,610,,-55,-8,,1.6,468,,165,,-10,-5.7,,180,,-20,-10.0,,390,218,
Montgomeryshire,Montgomeryshire,Wales,411.35901099547,111.35901099547,410,,-80,-16,,1.4,516,,110,,-25,-18.5,,105,,-20,-16.0,,245,167,
Moray,Moray,Scotland,"1,277.67171183375",317.67171183375,"1,275",,155,14,,2.7,270,,315,,40,14.5,,350,,85,32.1,,849,426,
Morecambe and Lunesdale,Morecambe and Lunesdale,England,"1,789.34783956866",384.34783956866,"1,785",,445,33,,4.3,91,,380,,50,15.2,,485,,165,51.6,,293,"1,490",
Morley and Outwood,Morley and Outwood,England,841.60601037945,181.60601037945,840,,25,3,,1.6,457,,180,,10,5.9,,215,,-15,-6.5,,577,268,
Motherwell and Wishaw,Motherwell and Wishaw,Scotland,"1,999.32151602967",464.32151602967,"1,995",,10,1,,4.3,92,,460,,-30,-6.1,,440,,55,14.3,,"1,193",801,
Na h-Eileanan An Iar,Na h-Eileanan An Iar,Scotland,342.62052573281,47.62052573281,340,,-20,-6,,2.6,278,,45,,-10,-18.2,,150,,0,0.0,,248,94,
Neath,Neath,Wales,"1,098.32893493198",293.32893493198,"1,095",,-60,-5,,3.3,179,,290,,-50,-14.7,,255,,20,8.5,,658,433,
New Forest East,New Forest East,England,360.79790399073,80.79790399073,360,,-60,-14,,0.8,621,,80,,-20,-20.0,,85,,-30,-26.1,,213,146,
New Forest West,New Forest West,England,345.95939883372,75.95939883372,345,,20,6,,1.0,592,,75,,5,7.1,,115,,10,9.5,,225,122,
Newark,Newark,England,736.50886475025,171.50886475025,735,,5,1,,1.5,480,,170,,-5,-2.9,,210,,20,10.5,,521,216,
Newbury,Newbury,England,440.77309745801,65.77309745800,440,,55,14,,0.8,627,,65,,-10,-13.3,,150,,50,50.0,,318,120,
Newcastle upon Tyne Central,Newcastle upon Tyne Central,England,"2,555.69444760970",515.69444760970,"2,550",,20,1,,5.7,28,,510,,-10,-1.9,,590,,30,5.4,,"1,494","1,057",
Newcastle upon Tyne East,Newcastle upon Tyne East,England,"2,009.07151105627",404.07151105627,"2,005",,205,11,,4.1,107,,400,,0,0.0,,500,,125,33.3,,"1,120",884,
Newcastle upon Tyne North,Newcastle upon Tyne North,England,"1,553.54914698655",328.54914698655,"1,550",,265,21,,3.5,144,,325,,10,3.2,,400,,100,33.3,,563,988,
Newcastle-under-Lyme,Newcastle-under-Lyme,England,826.90183279918,196.90183279918,825,,45,6,,1.9,396,,195,,20,11.4,,195,,20,11.4,,486,341,
Newport East,Newport East,Wales,"1,433.77259281479",343.77259281479,"1,430",,-115,-7,,3.8,129,,340,,-10,-2.9,,285,,-45,-13.6,,"1,009",424,
Newport West,Newport West,Wales,"1,618.95047301540",413.95047301540,"1,615",,-145,-8,,4.0,117,,410,,-25,-5.7,,335,,0,0.0,,"1,102",511,
Newry & Armagh,Newry & Armagh,Northern Ireland,"1,552.95549109272",322.95549109272,"1,550",,-455,-23,,3.0,225,,320,,-140,-30.4,,450,,-45,-9.1,,"1,551",..,
Newton Abbot,Newton Abbot,England,596.44598424581,126.44598424581,595,,40,7,,1.4,497,,125,,0,0.0,,185,,25,15.6,,389,207,
"Normanton, Pontefract and Castleford","Normanton, Pontefract and Castleford",England,"1,562.88187553780",372.88187553780,"1,560",,60,4,,2.9,232,,370,,-20,-5.1,,350,,-10,-2.8,,"1,088",475,
North Antrim,North Antrim,Northern Ireland,"1,748.39623193209",403.39623193209,"1,745",,-275,-14,,3.4,167,,400,,-105,-20.8,,410,,-40,-8.9,,"1,743",..,
North Ayrshire and Arran,North Ayrshire and Arran,Scotland,"2,225.21031531678",490.21031531678,"2,220",,-185,-8,,5.2,40,,485,,-65,-11.8,,540,,5,0.9,,"1,442",781,
North Cornwall,North Cornwall,England,736.80358145171,181.80358145171,735,,55,8,,1.8,413,,180,,5,2.9,,195,,40,25.8,,426,308,
North Devon,North Devon,England,641.44368677673,156.44368677673,640,,-15,-2,,1.4,498,,155,,-15,-8.8,,180,,0,0.0,,399,242,
North Dorset,North Dorset,England,365.78231017904,75.78231017904,365,,25,7,,0.8,624,,75,,0,0.0,,125,,20,19.0,,262,102,
North Down,North Down,Northern Ireland,"1,232.92748031793",272.92748031793,"1,230",,-145,-11,,2.9,227,,270,,-50,-15.6,,350,,0,0.0,,"1,231",..,
North Durham,North Durham,England,"1,488.50495153788",358.50495153789,"1,485",,80,6,,3.5,151,,355,,-15,-4.1,,355,,35,10.9,,984,500,
North East Bedfordshire,North East Bedfordshire,England,701.20672563326,131.20672563326,700,,-5,-1,,1.2,543,,130,,-20,-13.3,,210,,30,16.7,,514,181,
North East Cambridgeshire,North East Cambridgeshire,England,741.30832667505,211.30832667505,740,,-115,-13,,1.3,524,,210,,-25,-10.6,,165,,-25,-13.2,,460,280,
North East Derbyshire,North East Derbyshire,England,776.79896121484,196.79896121484,775,,35,5,,1.8,415,,195,,0,0.0,,210,,30,16.7,,507,270,
North East Fife,North East Fife,Scotland,737.03451080594,177.03451080594,735,,-25,-3,,2.0,368,,175,,10,6.1,,230,,15,7.0,,481,254,
North East Hampshire,North East Hampshire,England,315.62707612896,35.62707612896,315,,55,21,,0.6,644,,35,,5,16.7,,100,,0,0.0,,233,84,
North East Hertfordshire,North East Hertfordshire,England,651.31982393485,121.31982393485,650,,30,5,,1.3,522,,120,,10,9.1,,200,,10,5.3,,486,159,
North East Somerset,North East Somerset,England,716.60280874859,136.60280874859,715,,240,51,,1.6,460,,135,,15,12.5,,190,,75,65.2,,124,590,
North Herefordshire,North Herefordshire,England,516.27944265408,101.27944265408,515,,40,8,,1.3,530,,100,,-15,-13.0,,165,,25,17.9,,323,192,
North Norfolk,North Norfolk,England,521.49193427606,141.49193427606,520,,0,0,,1.5,482,,140,,0,0.0,,150,,-5,-3.2,,299,220,
North Shropshire,North Shropshire,England,716.40801345530,181.40801345530,715,,-90,-11,,1.4,507,,180,,-65,-26.5,,200,,15,8.1,,406,310,
North Somerset,North Somerset,England,365.74487389173,80.74487389173,365,,90,33,,0.7,630,,80,,10,14.3,,100,,20,25.0,,226,137,
North Swindon,North Swindon,England,946.58708676241,216.58708676241,945,,30,3,,1.6,462,,215,,0,0.0,,235,,15,6.8,,336,605,
North Thanet,North Thanet,England,"1,593.71807565856",388.71807565856,"1,590",,-5,0,,3.7,135,,385,,25,6.9,,425,,35,9.0,,"1,096",494,
North Tyneside,North Tyneside,England,"2,088.94447821480",393.94447821480,"2,085",,30,1,,3.9,118,,390,,-50,-11.4,,570,,30,5.6,,"1,473",612,
North Warwickshire,North Warwickshire,England,761.70514803091,161.70514803091,760,,15,2,,1.7,439,,160,,5,3.2,,220,,65,41.9,,458,302,
North West Cambridgeshire,North West Cambridgeshire,England,831.21828465676,196.21828465676,830,,0,0,,1.2,538,,195,,15,8.3,,165,,0,0.0,,537,291,
North West Durham,North West Durham,England,"1,282.87420291026",322.87420291026,"1,280",,60,5,,2.9,234,,320,,30,10.3,,325,,25,8.3,,836,444,
North West Hampshire,North West Hampshire,England,415.77850733001,70.77850733001,415,,-25,-6,,0.8,625,,70,,0,0.0,,150,,5,3.4,,280,137,
North West Leicestershire,North West Leicestershire,England,506.04302417672,111.04302417672,505,,-130,-20,,1.0,581,,110,,-50,-31.3,,115,,-15,-11.5,,293,211,
North West Norfolk,North West Norfolk,England,636.44854545772,181.44854545772,635,,-55,-8,,1.4,496,,180,,35,24.1,,155,,-30,-16.2,,386,248,
North Wiltshire,North Wiltshire,England,430.93133789873,95.93133789873,430,,-10,-2,,0.9,599,,95,,0,0.0,,125,,5,4.2,,247,182,
Northampton North,Northampton North,England,"1,107.51616935798",202.51616935798,"1,105",,-85,-7,,2.5,293,,200,,-35,-14.9,,315,,10,3.3,,789,315,
Northampton South,Northampton South,England,"1,417.70427635871",242.70427635871,"1,415",,-125,-8,,2.7,262,,240,,-40,-14.3,,390,,5,1.3,,"1,009",404,
Norwich North,Norwich North,England,866.93792027501,186.93792027501,865,,0,0,,1.9,386,,185,,-20,-9.8,,225,,30,15.4,,597,267,
Norwich South,Norwich South,England,"1,182.31283986728",257.31283986728,"1,180",,5,0,,2.3,324,,255,,20,8.5,,290,,25,9.4,,756,427,
Nottingham East,Nottingham East,England,"2,930.71761518998",630.71761518998,"2,925",,85,3,,5.7,27,,625,,50,8.7,,585,,65,12.5,,"2,331",592,
Nottingham North,Nottingham North,England,"2,696.07622226158",636.07622226158,"2,690",,20,1,,6.1,20,,630,,-45,-6.7,,495,,45,10.0,,"1,993",697,
Nottingham South,Nottingham South,England,"1,783.58168372241",358.58168372241,"1,780",,0,0,,3.6,142,,355,,-30,-7.8,,380,,35,10.1,,"1,349",434,
Nuneaton,Nuneaton,England,"1,152.53995977374",227.53995977374,"1,150",,35,3,,2.5,289,,225,,20,9.8,,260,,20,8.3,,789,362,
Ochil and South Perthshire,Ochil and South Perthshire,Scotland,"1,192.41754251007",292.41754251007,"1,190",,25,2,,2.4,306,,290,,0,0.0,,315,,45,16.7,,740,452,
Ogmore,Ogmore,Wales,"1,168.29998813174",318.29998813174,"1,165",,45,4,,3.3,182,,315,,15,5.0,,250,,35,16.3,,753,411,
Old Bexley and Sidcup,Old Bexley and Sidcup,England,506.11824068506,126.11824068506,505,,55,12,,1.1,561,,125,,15,13.6,,110,,5,4.8,,318,187,
Oldham East and Saddleworth,Oldham East and Saddleworth,England,"1,908.99966316296",428.99966316296,"1,905",,-25,-1,,4.0,111,,425,,-60,-12.4,,350,,-10,-2.8,,958,945,
Oldham West and Royton,Oldham West and Royton,England,"2,039.38452777451",519.38452777451,"2,035",,-170,-8,,4.4,87,,515,,-115,-18.3,,430,,-10,-2.3,,"1,023","1,010",
Orkney and Shetland,Orkney and Shetland,Scotland,291.23165384620,76.23165384620,290,,30,12,,1.2,536,,75,,5,7.1,,80,,15,23.1,,172,122,
Orpington,Orpington,England,526.19612971679,126.19612971679,525,,60,13,,1.2,549,,125,,35,38.9,,135,,20,17.4,,407,121,
Oxford East,Oxford East,England,936.51887339207,166.51887339207,935,,0,0,,1.5,478,,165,,5,3.1,,245,,25,11.4,,634,300,
Oxford West and Abingdon,Oxford West and Abingdon,England,460.84509761415,65.84509761415,460,,40,10,,0.8,612,,65,,-15,-18.8,,145,,25,20.8,,279,180,
Paisley and Renfrewshire North,Paisley and Renfrewshire North,Scotland,"1,167.64588131496",252.64588131496,"1,165",,-80,-6,,2.6,275,,250,,-5,-2.0,,300,,5,1.7,,692,469,
Paisley and Renfrewshire South,Paisley and Renfrewshire South,Scotland,"1,879.44747239016",364.44747239016,"1,875",,85,5,,4.4,86,,360,,10,2.9,,480,,20,4.3,,"1,164",710,
Pendle,Pendle,England,"1,147.83175319614",247.83175319615,"1,145",,-95,-8,,2.8,241,,245,,-55,-18.3,,245,,-10,-3.9,,596,551,
Penistone and Stocksbridge,Penistone and Stocksbridge,England,796.83446930026,186.83446930026,795,,-60,-7,,1.8,407,,185,,-15,-7.5,,205,,0,0.0,,572,221,
Penrith and The Border,Penrith and The Border,England,426.05948239453,81.05948239453,425,,15,4,,1.1,577,,80,,-5,-5.9,,125,,15,13.6,,222,200,
Perth and North Perthshire,Perth and North Perthshire,Scotland,961.97111070326,236.97111070326,960,,65,7,,2.0,382,,235,,25,11.9,,235,,40,20.5,,653,308,
Peterborough,Peterborough,England,"1,282.17293822962",307.17293822962,"1,280",,-40,-3,,2.2,353,,305,,-10,-3.2,,240,,25,11.6,,841,438,
"Plymouth, Moor View","Plymouth, Moor View",England,"1,152.65645233893",322.65645233893,"1,150",,-25,-2,,2.7,271,,320,,15,4.9,,250,,-20,-7.4,,791,360,
"Plymouth, Sutton and Devonport","Plymouth, Sutton and Devonport",England,"2,379.17178595750",529.17178595750,"2,375",,65,3,,4.2,103,,525,,20,4.0,,545,,75,16.0,,"1,731",639,
Pontypridd,Pontypridd,Wales,897.32044380501,222.32044380501,895,,-85,-9,,2.3,322,,220,,-15,-6.4,,195,,-35,-15.2,,639,254,
Poole,Poole,England,796.64868118150,176.64868118150,795,,30,4,,1.6,446,,175,,-5,-2.8,,230,,30,15.0,,533,265,
Poplar and Limehouse,Poplar and Limehouse,England,"2,362.78385972405",477.78385972406,"2,360",,-230,-9,,2.8,249,,475,,-90,-15.9,,610,,35,6.1,,"1,705",654,
Portsmouth North,Portsmouth North,England,886.72005538390,161.72005538390,885,,-5,-1,,1.7,432,,160,,-15,-8.6,,240,,15,6.7,,627,259,
Portsmouth South,Portsmouth South,England,"1,477.69341162649",247.69341162649,"1,475",,155,12,,2.7,267,,245,,50,25.6,,380,,55,16.9,,"1,106",370,
Preseli Pembrokeshire,Preseli Pembrokeshire,Wales,"1,032.92411881881",272.92411881881,"1,030",,-45,-4,,2.9,228,,270,,0,0.0,,270,,-10,-3.6,,703,328,
Preston,Preston,England,"1,904.19716360852",394.19716360852,"1,900",,90,5,,4.2,101,,390,,-15,-3.7,,410,,70,20.6,,"1,001",901,
Pudsey,Pudsey,England,721.52079792274,156.52079792274,720,,90,14,,1.5,476,,155,,10,6.9,,185,,20,12.1,,473,247,
Putney,Putney,England,936.71572252449,116.71572252449,935,,20,2,,1.7,435,,115,,-15,-11.5,,260,,35,15.6,,652,279,
Rayleigh and Wickford,Rayleigh and Wickford,England,501.01379474493,131.01379474493,500,,10,2,,1.0,585,,130,,0,0.0,,130,,15,13.0,,314,187,
Reading East,Reading East,England,981.64822776172,131.64822776172,980,,110,13,,1.6,447,,130,,5,4.0,,275,,65,31.0,,748,234,
Reading West,Reading West,England,"1,056.92414363863",141.92414363863,"1,055",,180,21,,1.9,390,,140,,15,12.0,,335,,80,31.4,,803,254,
Redcar,Redcar,England,"2,451.19655766963",546.19655766963,"2,445",,-195,-7,,6.2,17,,540,,-5,-0.9,,590,,-45,-7.1,,"1,735",712,
Redditch,Redditch,England,997.19705042002,202.19705042002,995,,-10,-1,,2.2,349,,200,,-40,-16.7,,260,,45,20.9,,631,361,
Reigate,Reigate,England,561.05695978895,101.05695978895,560,,75,15,,1.1,578,,100,,5,5.3,,155,,20,14.8,,373,188,
Rhondda,Rhondda,Wales,"1,434.83186766485",374.83186766485,"1,430",,-145,-9,,4.8,61,,370,,-45,-10.8,,345,,15,4.5,,998,432,
Ribble Valley,Ribble Valley,England,541.10893725069,106.10893725069,540,,-20,-4,,1.1,563,,105,,-30,-22.2,,155,,35,29.2,,264,280,
Richmond (Yorks),Richmond (Yorks),England,851.56062461919,176.56062461919,850,,310,57,,1.6,469,,175,,60,52.2,,250,,100,66.7,,151,700,
Richmond Park,Richmond Park,England,811.26815472009,111.26815472009,810,,70,9,,1.3,531,,110,,5,4.8,,230,,5,2.2,,564,249,
Rochdale,Rochdale,England,"2,380.02345099348",535.02345099349,"2,375",,115,5,,5.0,54,,530,,-60,-10.2,,460,,55,13.6,,"1,381",997,
Rochester and Strood,Rochester and Strood,England,"1,262.22205138847",267.22205138847,"1,260",,-75,-6,,2.2,345,,265,,-5,-1.9,,325,,-10,-3.0,,917,342,
Rochford and Southend East,Rochford and Southend East,England,"1,693.39312088472",403.39312088472,"1,690",,70,4,,3.4,168,,400,,10,2.6,,400,,40,11.1,,"1,151",541,
Romford,Romford,England,"1,041.99056636785",201.99056636785,"1,040",,110,12,,2.0,377,,200,,25,14.3,,250,,55,28.2,,775,263,
Romsey and Southampton North,Romsey and Southampton North,England,375.91782815381,80.91782815381,375,,15,4,,0.9,600,,80,,5,6.7,,105,,0,0.0,,225,150,
"Ross, Skye and Lochaber","Ross, Skye and Lochaber",Scotland,626.86667846039,96.86667846039,625,,0,0,,1.9,401,,95,,-10,-9.5,,215,,30,16.2,,316,310,
Rossendale and Darwen,Rossendale and Darwen,England,"1,287.67659921366",292.67659921366,"1,285",,-80,-6,,2.7,269,,290,,-40,-12.1,,290,,-25,-7.9,,614,674,
Rother Valley,Rother Valley,England,"1,187.59779528801",307.59779528801,"1,185",,-15,-1,,2.6,281,,305,,5,1.7,,300,,15,5.3,,798,386,
Rotherham,Rotherham,England,"2,105.04258309065",475.04258309065,"2,100",,15,1,,5.0,51,,470,,5,1.1,,435,,45,11.5,,"1,513",590,
Rugby,Rugby,England,"1,142.31374863602",202.31374863602,"1,140",,350,44,,2.3,323,,200,,35,21.2,,320,,125,64.1,,150,991,
"Ruislip, Northwood and Pinner","Ruislip, Northwood and Pinner",England,576.19920643226,96.19920643226,575,,55,11,,1.2,547,,95,,15,18.8,,165,,25,17.9,,423,152,
Runnymede and Weybridge,Runnymede and Weybridge,England,455.83742652187,85.83742652187,455,,45,11,,0.8,616,,85,,20,30.8,,145,,15,11.5,,338,118,
Rushcliffe,Rushcliffe,England,551.14362796648,116.14362796648,550,,40,8,,1.1,558,,115,,10,9.5,,160,,25,18.5,,386,162,
Rutherglen and Hamilton West,Rutherglen and Hamilton West,Scotland,"1,763.33061347108",403.33061347108,"1,760",,5,0,,3.3,178,,400,,-10,-2.4,,380,,15,4.1,,"1,046",713,
Rutland and Melton,Rutland and Melton,England,561.12291061460,131.12291061460,560,,60,12,,1.1,560,,130,,30,30.0,,155,,10,6.9,,208,349,
Saffron Walden,Saffron Walden,England,365.67609298312,65.67609298312,365,,-15,-4,,0.7,640,,65,,0,0.0,,125,,0,0.0,,259,107,
Salford and Eccles,Salford and Eccles,England,"2,098.49964022510",413.49964022510,"2,095",,-20,-1,,3.5,152,,410,,-35,-7.9,,425,,35,9.0,,"1,230",861,
Salisbury,Salisbury,England,521.10824446763,111.10824446763,520,,80,18,,1.1,564,,110,,-5,-4.3,,140,,30,27.3,,358,164,
Scarborough and Whitby,Scarborough and Whitby,England,"1,232.79904535240",247.79904535240,"1,230",,15,1,,2.8,247,,245,,30,14.0,,375,,45,13.6,,797,431,
Scunthorpe,Scunthorpe,England,"1,598.62836065562",368.62836065562,"1,595",,-220,-12,,3.6,138,,365,,-70,-16.1,,360,,-50,-12.2,,"1,051",546,
Sedgefield,Sedgefield,England,"1,298.31912436199",368.31912436199,"1,295",,60,5,,3.3,180,,365,,25,7.4,,280,,20,7.7,,822,471,
Sefton Central,Sefton Central,England,601.58934522582,146.58934522582,600,,-40,-6,,1.6,461,,145,,-30,-17.1,,160,,-5,-3.0,,231,369,
Selby and Ainsty,Selby and Ainsty,England,756.48783237748,166.48783237748,755,,-20,-3,,1.5,484,,165,,-30,-15.4,,200,,5,2.6,,491,264,
Sevenoaks,Sevenoaks,England,395.86867250127,75.86867250127,395,,-30,-7,,0.9,609,,75,,5,7.1,,115,,-10,-8.0,,263,134,
Sheffield Central,Sheffield Central,England,"1,988.26029543424",358.26029543424,"1,985",,-10,-1,,3.3,187,,355,,-20,-5.3,,385,,20,5.5,,"1,552",431,
Sheffield South East,Sheffield South East,England,"1,528.35506327762",363.35506327762,"1,525",,110,8,,3.4,175,,360,,25,7.5,,340,,0,0.0,,"1,104",420,
"Sheffield, Brightside and Hillsborough","Sheffield, Brightside and Hillsborough",England,"2,810.74905244525",635.74905244525,"2,805",,-15,-1,,5.7,25,,630,,-25,-3.8,,580,,80,16.0,,"2,169",637,
"Sheffield, Hallam","Sheffield, Hallam",England,496.12590417804,116.12590417804,495,,0,0,,1.1,559,,115,,15,15.0,,155,,5,3.3,,342,157,
"Sheffield, Heeley","Sheffield, Heeley",England,"2,069.46249491066",499.46249491066,"2,065",,-45,-2,,4.5,84,,495,,15,3.1,,435,,5,1.2,,"1,546",516,
Sherwood,Sherwood,England,997.12191722074,262.12191722074,995,,-40,-4,,2.1,360,,260,,-15,-5.5,,225,,15,7.1,,667,327,
Shipley,Shipley,England,982.02394220621,227.02394220621,980,,10,1,,2.0,371,,225,,15,7.1,,265,,10,3.9,,637,342,
Shrewsbury and Atcham,Shrewsbury and Atcham,England,721.42525231745,166.42525231745,720,,-50,-6,,1.4,501,,165,,-5,-2.9,,190,,-5,-2.6,,427,295,
Sittingbourne and Sheppey,Sittingbourne and Sheppey,England,"1,783.31161980394",483.31161980394,"1,780",,125,8,,3.3,181,,480,,-10,-2.0,,415,,60,16.9,,"1,186",595,
Skipton and Ripon,Skipton and Ripon,England,676.42117468800,121.42117468800,675,,285,73,,1.4,503,,120,,50,71.4,,195,,80,69.6,,122,555,
Sleaford and North Hykeham,Sleaford and North Hykeham,England,701.29577307272,216.29577307272,700,,35,5,,1.3,526,,215,,30,16.2,,160,,-5,-3.0,,459,241,
Slough,Slough,England,"1,261.80068088066",216.80068088066,"1,260",,-85,-6,,1.8,414,,215,,0,0.0,,315,,5,1.6,,866,397,
Solihull,Solihull,England,616.28210887745,156.28210887745,615,,35,6,,1.3,528,,155,,0,0.0,,170,,15,9.7,,364,250,
Somerton and Frome,Somerton and Frome,England,731.45528972260,161.45528972260,730,,220,43,,1.5,493,,160,,20,14.3,,190,,65,52.0,,218,517,
South Antrim,South Antrim,Northern Ireland,"1,207.41451352193",317.41451352193,"1,205",,-205,-15,,2.4,311,,315,,-85,-21.3,,305,,-5,-1.6,,"1,204",..,
South Basildon and East Thurrock,South Basildon and East Thurrock,England,"1,162.35281649332",307.35281649332,"1,160",,-20,-2,,2.4,318,,305,,-25,-7.6,,260,,30,13.0,,710,447,
South Cambridgeshire,South Cambridgeshire,England,350.59854350598,55.59854350598,350,,20,6,,0.6,650,,55,,5,10.0,,110,,10,10.0,,260,86,
South Derbyshire,South Derbyshire,England,475.94156503447,150.94156503447,475,,50,12,,0.9,596,,150,,40,36.4,,100,,-5,-4.8,,234,241,
South Dorset,South Dorset,England,756.77965198238,181.77965198238,755,,-70,-8,,1.8,419,,180,,5,2.9,,190,,-20,-9.5,,438,315,
South Down,South Down,Northern Ireland,"1,457.87886453266",327.87886453266,"1,455",,-415,-22,,2.9,233,,325,,-170,-34.3,,390,,-55,-12.4,,"1,456",..,
South East Cambridgeshire,South East Cambridgeshire,England,380.61367242311,70.61367242311,380,,-55,-13,,0.6,647,,70,,5,7.7,,120,,-5,-4.0,,261,119,
South East Cornwall,South East Cornwall,England,686.68401195422,176.68401195422,685,,15,2,,1.7,441,,175,,-5,-2.8,,175,,0,0.0,,415,267,
South Holland and The Deepings,South Holland and The Deepings,England,736.47607578613,191.47607578613,735,,20,3,,1.5,489,,190,,5,2.7,,205,,30,17.1,,484,246,
South Leicestershire,South Leicestershire,England,445.83713573568,85.83713573568,445,,-20,-4,,0.8,617,,85,,-5,-5.6,,140,,5,3.7,,278,163,
South Norfolk,South Norfolk,England,531.07371337206,136.07371337206,530,,15,3,,1.1,571,,135,,15,12.5,,120,,-20,-14.3,,326,207,
South Northamptonshire,South Northamptonshire,England,430.71207395023,90.71207395023,430,,-30,-7,,0.7,637,,90,,-5,-5.3,,130,,-10,-7.1,,317,113,
South Ribble,South Ribble,England,821.70960293390,216.70960293390,820,,95,13,,1.7,437,,215,,15,7.5,,180,,30,20.0,,381,438,
South Shields,South Shields,England,"2,757.01497760661",547.01497760661,"2,750",,35,1,,7.0,9,,540,,-10,-1.8,,795,,55,7.4,,"2,016",734,
South Staffordshire,South Staffordshire,England,721.55183822825,186.55183822825,720,,60,9,,1.6,470,,185,,30,19.4,,200,,25,14.3,,447,269,
South Suffolk,South Suffolk,England,461.06835405513,116.06835405513,460,,25,6,,1.1,572,,115,,30,35.3,,140,,15,12.0,,290,168,
South Swindon,South Swindon,England,"1,167.02391869601",237.02391869602,"1,165",,70,6,,2.0,372,,235,,-45,-16.1,,280,,35,14.3,,398,768,
South Thanet,South Thanet,England,"1,814.15612075670",404.15612075670,"1,810",,75,4,,4.2,104,,400,,15,3.9,,475,,50,11.8,,"1,285",523,
South West Bedfordshire,South West Bedfordshire,England,606.06302441062,101.06302441062,605,,-40,-6,,1.1,576,,100,,-20,-16.7,,170,,-5,-2.9,,462,142,
South West Devon,South West Devon,England,451.03926943656,111.03926943656,450,,-50,-10,,1.0,582,,110,,-20,-15.4,,120,,-10,-7.7,,314,138,
South West Hertfordshire,South West Hertfordshire,England,586.06823811034,111.06823811034,585,,40,7,,1.1,573,,110,,-10,-8.3,,190,,25,15.2,,428,155,
South West Norfolk,South West Norfolk,England,711.40798433735,161.40798433735,710,,-15,-2,,1.4,508,,160,,-20,-11.1,,195,,0,0.0,,440,269,
South West Surrey,South West Surrey,England,365.73551372048,45.73551372048,365,,25,7,,0.7,633,,45,,0,0.0,,125,,15,13.6,,278,88,
South West Wiltshire,South West Wiltshire,England,741.50130844344,171.50130844344,740,,115,18,,1.5,481,,170,,15,9.7,,180,,35,24.1,,485,254,
"Southampton, Itchen","Southampton, Itchen",England,"1,096.91614553269",241.91614553269,"1,095",,-155,-12,,1.9,393,,240,,-40,-14.3,,255,,-15,-5.6,,642,452,
"Southampton, Test","Southampton, Test",England,"1,081.87248055512",231.87248055512,"1,080",,-175,-14,,1.9,399,,230,,-30,-11.5,,285,,-5,-1.7,,653,427,
Southend West,Southend West,England,826.83737965292,196.83737965292,825,,35,4,,1.8,405,,195,,5,2.6,,215,,25,13.2,,510,316,
Southport,Southport,England,"1,032.50306667868",182.50306667868,"1,030",,-5,0,,2.5,294,,180,,-55,-23.4,,295,,55,22.9,,547,482,
Spelthorne,Spelthorne,England,606.17445689070,106.17445689070,605,,40,7,,1.2,553,,105,,5,5.0,,195,,30,18.2,,421,188,
St Albans,St Albans,England,631.18236692766,111.18236692766,630,,85,16,,1.2,551,,110,,30,37.5,,165,,10,6.5,,409,225,
St Austell and Newquay,St Austell and Newquay,England,"1,187.47382061074",287.47382061074,"1,185",,75,7,,2.5,300,,285,,20,7.5,,290,,35,13.7,,685,501,
St Helens North,St Helens North,England,"1,733.82814930756",403.82814930756,"1,730",,10,1,,3.8,126,,400,,-75,-15.8,,370,,25,7.2,,666,"1,065",
St Helens South and Whiston,St Helens South and Whiston,England,"1,843.86252650482",453.86252650482,"1,840",,-135,-7,,3.9,122,,450,,-105,-18.9,,380,,25,7.0,,734,"1,105",
St Ives,St Ives,England,736.91237780455,171.91237780455,735,,20,3,,1.9,394,,170,,25,17.2,,200,,5,2.6,,467,269,
Stafford,Stafford,England,626.33927947666,161.33927947666,625,,85,16,,1.3,519,,160,,35,28.0,,155,,40,34.8,,336,290,
Staffordshire Moorlands,Staffordshire Moorlands,England,441.20460448891,76.20460448891,440,,60,16,,1.2,544,,75,,15,25.0,,125,,10,8.7,,315,125,
Stalybridge and Hyde,Stalybridge and Hyde,England,"1,663.72353965222",368.72353965222,"1,660",,20,1,,3.7,133,,365,,-65,-15.1,,390,,20,5.4,,697,963,
Stevenage,Stevenage,England,941.83285235643,176.83285235643,940,,10,1,,1.8,408,,175,,15,9.4,,295,,25,9.3,,647,292,
Stirling,Stirling,Scotland,"1,022.25571694482",257.25571694482,"1,020",,25,3,,2.3,337,,255,,5,2.0,,230,,-5,-2.1,,566,456,
Stockport,Stockport,England,"1,693.79889191946",348.79889191946,"1,690",,45,3,,3.8,128,,345,,-25,-6.8,,375,,60,19.0,,805,887,
Stockton North,Stockton North,England,"2,480.73874236991",590.73874236991,"2,475",,70,3,,5.7,26,,585,,65,12.5,,590,,55,10.3,,"1,712",761,
Stockton South,Stockton South,England,"1,733.37624207244",408.37624207244,"1,730",,60,4,,3.4,172,,405,,45,12.5,,380,,5,1.3,,"1,212",522,
Stoke-on-Trent Central,Stoke-on-Trent Central,England,"1,599.13165932069",329.13165932069,"1,595",,170,12,,4.1,106,,325,,45,16.1,,345,,60,21.1,,"1,222",374,
Stoke-on-Trent North,Stoke-on-Trent North,England,"1,538.48351416403",323.48351416403,"1,535",,145,10,,3.5,157,,320,,25,8.5,,320,,45,16.4,,"1,150",385,
Stoke-on-Trent South,Stoke-on-Trent South,England,977.41706698315,272.41706698315,975,,70,8,,2.4,307,,270,,75,38.5,,200,,5,2.6,,608,368,
Stone,Stone,England,375.94726338583,90.94726338583,375,,20,6,,0.9,595,,90,,10,12.5,,110,,0,0.0,,215,161,
Stourbridge,Stourbridge,England,"1,433.38088835155",333.38088835155,"1,430",,95,7,,3.4,171,,330,,-10,-2.9,,390,,40,11.4,,938,496,
Strangford,Strangford,Northern Ireland,"1,483.49474368677",378.49474368677,"1,480",,-255,-15,,3.5,155,,375,,-50,-11.8,,395,,-40,-9.2,,"1,478",..,
Stratford-on-Avon,Stratford-on-Avon,England,295.71378033255,55.71378033255,295,,35,13,,0.7,636,,55,,5,10.0,,95,,25,35.7,,79,214,
Streatham,Streatham,England,"1,967.57386673934",247.57386673934,"1,965",,-35,-2,,2.6,287,,245,,0,0.0,,650,,65,11.1,,"1,460",504,
Stretford and Urmston,Stretford and Urmston,England,"1,472.98744065235",292.98744065235,"1,470",,-45,-3,,3.0,223,,290,,-35,-10.8,,375,,15,4.2,,716,754,
Stroud,Stroud,England,490.93356154155,140.93356154155,490,,-20,-4,,0.9,597,,140,,10,7.7,,120,,-10,-7.7,,259,231,
Suffolk Coastal,Suffolk Coastal,England,481.09695990807,106.09695990807,480,,80,20,,1.1,567,,105,,10,10.5,,150,,30,25.0,,266,216,
Sunderland Central,Sunderland Central,England,"2,284.68872984170",484.68872984170,"2,280",,210,10,,4.7,66,,480,,25,5.5,,620,,80,14.8,,"1,506",773,
Surrey Heath,Surrey Heath,England,460.81787297899,80.81787297899,460,,90,24,,0.8,620,,80,,30,60.0,,125,,5,4.2,,323,132,
Sutton and Cheam,Sutton and Cheam,England,"1,041.94950506800",161.94950506800,"1,040",,390,60,,1.9,383,,160,,55,52.4,,315,,125,65.8,,198,844,
Sutton Coldfield,Sutton Coldfield,England,726.60460973590,161.60460973590,725,,85,13,,1.6,458,,160,,-5,-3.0,,195,,50,34.5,,424,298,
Swansea East,Swansea East,Wales,"1,529.02658113447",414.02658113447,"1,525",,30,2,,4.0,109,,410,,15,3.8,,315,,10,3.3,,981,547,
Swansea West,Swansea West,Wales,"1,388.85449376782",338.85449376782,"1,385",,-105,-7,,3.9,123,,335,,-10,-2.9,,280,,10,3.7,,979,405,
Tamworth,Tamworth,England,576.22410189258,136.22410189258,575,,65,13,,1.2,537,,135,,5,3.8,,135,,30,28.6,,357,216,
Tatton,Tatton,England,375.93258122828,70.93258122828,375,,-5,-1,,0.9,598,,70,,0,0.0,,125,,10,8.7,,156,216,
Taunton Deane,Taunton Deane,England,"1,041.87040598294",226.87040598294,"1,040",,190,22,,1.9,400,,225,,20,9.8,,275,,50,22.2,,319,722,
Telford,Telford,England,"1,368.05874968744",378.05874968744,"1,365",,145,12,,3.1,211,,375,,25,7.1,,265,,45,20.5,,784,579,
Tewkesbury,Tewkesbury,England,596.14774883995,141.14774883995,595,,-30,-5,,1.1,557,,140,,0,0.0,,185,,-15,-7.5,,374,218,
The Cotswolds,The Cotswolds,England,400.85116651637,90.85116651637,400,,5,1,,0.9,611,,90,,10,12.5,,130,,10,8.3,,252,145,
The Wrekin,The Wrekin,England,651.46715182432,186.46715182432,650,,80,14,,1.5,490,,185,,30,19.4,,175,,45,34.6,,383,272,
Thirsk and Malton,Thirsk and Malton,England,806.71684570376,141.71684570376,805,,315,64,,1.7,433,,140,,35,33.3,,250,,95,61.3,,169,636,
Thornbury and Yate,Thornbury and Yate,England,350.82317492418,95.82317492418,350,,0,0,,0.8,618,,95,,-10,-9.5,,85,,5,6.3,,223,129,
Thurrock,Thurrock,England,"1,822.81940290629",372.81940290629,"1,820",,-15,-1,,2.8,243,,370,,-40,-9.8,,395,,35,9.7,,"1,285",540,
Tiverton and Honiton,Tiverton and Honiton,England,636.38809020392,126.38809020392,635,,-10,-2,,1.4,512,,125,,-5,-3.8,,185,,5,2.8,,436,202,
Tonbridge and Malling,Tonbridge and Malling,England,601.19990014202,121.19990014202,600,,20,3,,1.2,546,,120,,5,4.3,,185,,20,12.1,,449,151,
Tooting,Tooting,England,"1,086.71604845870",146.71604845870,"1,085",,-40,-4,,1.7,434,,145,,-10,-6.5,,340,,25,7.9,,745,342,
Torbay,Torbay,England,"1,423.16163827175",268.16163827175,"1,420",,-20,-1,,3.2,196,,265,,-15,-5.4,,455,,25,5.8,,961,457,
Torfaen,Torfaen,Wales,"1,238.20637941043",393.20637941043,"1,235",,-160,-11,,3.2,194,,390,,-65,-14.3,,225,,-10,-4.3,,657,578,
Torridge and West Devon,Torridge and West Devon,England,641.43153539666,156.43153539666,640,,-65,-9,,1.4,499,,155,,-35,-18.4,,190,,5,2.7,,416,223,
Totnes,Totnes,England,536.48965300612,126.48965300612,535,,70,15,,1.5,483,,125,,35,38.9,,170,,30,21.4,,352,184,
Tottenham,Tottenham,England,"3,034.22803286036",419.22803286036,"3,030",,-60,-2,,4.2,100,,415,,-35,-7.8,,970,,60,6.6,,"2,376",652,
Truro and Falmouth,Truro and Falmouth,England,811.84598055716,186.84598055716,810,,-20,-2,,1.8,404,,185,,-10,-5.1,,220,,10,4.8,,482,329,
Tunbridge Wells,Tunbridge Wells,England,571.08054744330,81.08054744330,570,,85,18,,1.1,570,,80,,-5,-5.9,,175,,45,34.6,,429,140,
Twickenham,Twickenham,England,956.51355549554,126.51355549554,955,,115,14,,1.5,479,,125,,0,0.0,,315,,75,31.3,,590,364,
Tynemouth,Tynemouth,England,"1,322.70295517356",282.70295517356,"1,320",,-55,-4,,2.7,263,,280,,-5,-1.8,,345,,-10,-2.8,,871,448,
Upper Bann,Upper Bann,Northern Ireland,"1,642.84463837922",422.84463837922,"1,640",,-610,-27,,2.8,240,,420,,-135,-24.3,,380,,-120,-24.0,,"1,641",..,
Uxbridge and South Ruislip,Uxbridge and South Ruislip,England,871.52010990429,156.52010990429,870,,40,5,,1.5,477,,155,,10,6.9,,220,,35,18.9,,650,221,
Vale of Clwyd,Vale of Clwyd,Wales,"1,068.42623239941",273.42623239941,"1,065",,-135,-11,,3.4,162,,270,,-55,-16.9,,235,,0,0.0,,620,446,
Vale of Glamorgan,Vale of Glamorgan,Wales,"1,277.71840863712",322.71840863712,"1,275",,-70,-5,,2.7,258,,320,,-25,-7.2,,295,,-15,-4.8,,913,361,
Vauxhall,Vauxhall,England,"2,307.99485453913",277.99485453913,"2,305",,15,1,,3.0,220,,275,,-20,-6.8,,765,,55,7.7,,"1,600",704,
Wakefield,Wakefield,England,"1,382.86783605277",272.86783605277,"1,380",,-35,-2,,2.9,235,,270,,-10,-3.6,,340,,-20,-5.6,,"1,045",336,
Wallasey,Wallasey,England,"1,358.28460478774",338.28460478774,"1,355",,-25,-2,,3.3,185,,335,,-5,-1.5,,265,,-10,-3.6,,538,818,
Walsall North,Walsall North,England,"2,255.20017613090",535.20017613090,"2,250",,210,10,,5.2,41,,530,,40,8.2,,460,,45,10.8,,"1,545",705,
Walsall South,Walsall South,England,"2,079.74837214851",464.74837214851,"2,075",,145,8,,4.7,64,,460,,20,4.5,,495,,110,28.6,,"1,446",627,
Walthamstow,Walthamstow,England,"2,033.40645146311",348.40645146311,"2,030",,-200,-9,,3.4,165,,345,,-80,-18.8,,525,,-15,-2.8,,"1,466",564,
Wansbeck,Wansbeck,England,"1,849.79652714323",474.79652714323,"1,845",,65,4,,4.8,63,,470,,25,5.6,,455,,55,13.8,,"1,330",512,
Wantage,Wantage,England,385.65531135652,55.65531135652,385,,-5,-1,,0.7,642,,55,,-5,-8.3,,150,,35,30.4,,269,121,
Warley,Warley,England,"2,215.12578417361",465.12578417361,"2,210",,105,5,,5.1,45,,460,,-15,-3.2,,515,,65,14.4,,"1,588",623,
Warrington North,Warrington North,England,"1,167.41671342327",237.41671342327,"1,165",,-130,-10,,2.4,308,,235,,-75,-24.2,,280,,25,9.8,,502,663,
Warrington South,Warrington South,England,896.58005255463,196.58005255463,895,,-205,-19,,1.6,466,,195,,-50,-20.4,,210,,-45,-17.6,,369,528,
Warwick and Leamington,Warwick and Leamington,England,541.06550643476,96.06550643475,540,,15,3,,1.1,575,,95,,5,5.6,,160,,30,23.1,,332,206,
Washington and Sunderland West,Washington and Sunderland West,England,"1,924.48196619687",479.48196619687,"1,920",,0,0,,4.5,83,,475,,-15,-3.1,,440,,5,1.1,,"1,277",645,
Watford,Watford,England,"1,061.62669030498",196.62669030498,"1,060",,5,0,,1.6,452,,195,,10,5.4,,285,,5,1.8,,790,268,
Waveney,Waveney,England,"2,189.84432908345",544.84432908345,"2,185",,775,55,,4.8,60,,540,,160,42.1,,525,,205,64.1,,365,"1,823",
Wealden,Wealden,England,450.89365811756,90.89365811756,450,,15,3,,0.9,606,,90,,-10,-10.0,,140,,15,12.0,,315,134,
Weaver Vale,Weaver Vale,England,"1,107.59415257646",232.59415257646,"1,105",,60,6,,2.6,282,,230,,-30,-11.5,,280,,50,21.7,,284,818,
Wellingborough,Wellingborough,England,"1,237.29585028620",257.29585028620,"1,235",,-30,-2,,2.3,329,,255,,-35,-12.1,,320,,20,6.7,,857,380,
Wells,Wells,England,"1,132.28828886381",207.28828886381,"1,130",,430,61,,2.3,331,,205,,35,20.6,,350,,160,84.2,,121,"1,014",
Welwyn Hatfield,Welwyn Hatfield,England,836.45391099558,171.45391099558,835,,-50,-6,,1.5,494,,170,,0,0.0,,235,,15,6.8,,592,243,
Wentworth and Dearne,Wentworth and Dearne,England,"1,703.71992048630",423.71992048630,"1,700",,25,1,,3.7,134,,420,,-15,-3.4,,330,,-15,-4.3,,"1,148",551,
West Aberdeenshire and Kincardine,West Aberdeenshire and Kincardine,Scotland,786.53499133755,136.53499133755,785,,95,14,,1.5,473,,135,,25,22.7,,260,,65,33.3,,622,159,
West Bromwich East,West Bromwich East,England,"2,090.06929535303",440.06929535303,"2,085",,-20,-1,,5.1,47,,435,,5,1.2,,510,,30,6.3,,"1,516",569,
West Bromwich West,West Bromwich West,England,"2,195.03027882269",465.03027882269,"2,190",,75,4,,5.0,52,,460,,-30,-6.1,,515,,40,8.4,,"1,592",594,
West Dorset,West Dorset,England,415.98002341859,80.98002341859,415,,55,15,,1.0,590,,80,,-5,-5.9,,120,,15,14.3,,261,153,
West Dunbartonshire,West Dunbartonshire,Scotland,"2,154.93976632465",454.93976632465,"2,150",,-85,-4,,4.9,58,,450,,-85,-15.9,,535,,40,8.1,,"1,334",819,
West Ham,West Ham,England,"2,747.98933636572",497.98933636572,"2,745",,50,2,,3.0,221,,495,,25,5.3,,740,,70,10.4,,"1,990",753,
West Lancashire,West Lancashire,England,"1,237.71180798437",302.71180798437,"1,235",,-50,-4,,2.7,260,,300,,-30,-9.1,,290,,15,5.5,,462,776,
West Suffolk,West Suffolk,England,766.28185852387,191.28185852387,765,,110,17,,1.3,529,,190,,25,15.2,,185,,35,23.3,,461,301,
West Tyrone,West Tyrone,Northern Ireland,"1,794.52142999488",459.52142999488,"1,790",,-545,-23,,4.5,80,,455,,-140,-23.5,,455,,-65,-12.5,,"1,788",..,
West Worcestershire,West Worcestershire,England,546.34220279517,146.34220279517,545,,10,2,,1.3,517,,145,,10,7.4,,160,,10,6.7,,365,179,
Westminster North,Westminster North,England,"1,467.24268530846",202.24268530846,"1,465",,-75,-5,,2.2,340,,200,,-15,-7.0,,440,,20,4.8,,"1,122",342,
Westmorland and Lonsdale,Westmorland and Lonsdale,England,265.67675470060,55.67675470060,265,,-10,-4,,0.7,639,,55,,5,10.0,,70,,-5,-6.7,,106,159,
Weston-Super-Mare,Weston-Super-Mare,England,976.91643878789,231.91643878789,975,,0,0,,1.9,392,,230,,-10,-4.2,,245,,5,2.1,,611,364,
Wigan,Wigan,England,"1,963.95595686460",413.95595686460,"1,960",,45,2,,4.0,116,,410,,-40,-8.9,,445,,25,6.0,,"1,017",944,
Wimbledon,Wimbledon,England,641.17625176457,96.17625176457,640,,50,8,,1.2,552,,95,,25,35.7,,190,,25,15.2,,454,188,
Winchester,Winchester,England,310.65449302270,60.65449302270,310,,-50,-14,,0.7,643,,60,,15,33.3,,95,,-20,-17.4,,204,104,
Windsor,Windsor,England,490.90187521709,55.90187521709,490,,5,1,,0.9,605,,55,,-5,-8.3,,155,,25,19.2,,358,132,
Wirral South,Wirral South,England,501.52117480323,126.52117480323,500,,10,2,,1.5,475,,125,,-5,-3.8,,115,,5,4.5,,185,312,
Wirral West,Wirral West,England,526.71128634128,136.71128634128,525,,-35,-6,,1.7,436,,135,,-35,-20.6,,135,,15,12.5,,202,318,
Witham,Witham,England,586.31428904253,116.31428904253,585,,-10,-2,,1.3,523,,115,,-20,-14.8,,175,,10,6.1,,423,163,
Witney,Witney,England,375.66386893201,65.66386893201,375,,-40,-10,,0.7,641,,65,,-25,-27.8,,115,,-5,-4.2,,262,113,
Woking,Woking,England,460.84444810781,70.84444810781,460,,85,23,,0.8,614,,70,,25,55.6,,115,,15,15.0,,333,125,
Wokingham,Wokingham,England,420.75023321418,70.75023321417,420,,5,1,,0.8,629,,70,,-5,-6.7,,125,,0,0.0,,301,122,
Wolverhampton North East,Wolverhampton North East,England,"2,445.92044742739",570.92044742740,"2,440",,95,4,,5.9,23,,565,,35,6.6,,525,,50,10.5,,"1,798",639,
Wolverhampton South East,Wolverhampton South East,England,"2,661.53395274509",601.53395274509,"2,655",,175,7,,6.5,15,,595,,60,11.2,,600,,75,14.3,,"1,891",763,
Wolverhampton South West,Wolverhampton South West,England,"2,150.33832468137",415.33832468137,"2,145",,135,7,,5.3,34,,410,,5,1.2,,510,,70,15.9,,"1,580",562,
Worcester,Worcester,England,"1,041.99242867715",226.99242867715,"1,040",,-45,-4,,2.0,375,,225,,-25,-10.0,,255,,20,8.5,,688,356,
Workington,Workington,England,"1,248.34492381239",293.34492381239,"1,245",,160,15,,3.3,177,,290,,-5,-1.7,,285,,55,23.9,,352,894,
Worsley and Eccles South,Worsley and Eccles South,England,"1,693.48680338251",358.48680338251,"1,690",,-185,-10,,3.5,156,,355,,-125,-26.0,,380,,10,2.7,,835,854,
Worthing West,Worthing West,England,756.73928324858,136.73928324858,755,,75,11,,1.7,427,,135,,-15,-10.0,,255,,70,37.8,,528,225,
Wrexham,Wrexham,Wales,822.38064178275,192.38064178275,820,,-90,-10,,2.4,315,,190,,-45,-19.1,,185,,-20,-9.8,,520,299,
Wycombe,Wycombe,England,"1,016.77686202196",166.77686202196,"1,015",,80,9,,1.8,420,,165,,20,13.8,,295,,20,7.3,,766,249,
Wyre and Preston North,Wyre and Preston North,England,436.02596103628,106.02596103628,435,,45,12,,1.0,584,,105,,10,10.5,,120,,25,26.3,,215,216,
Wyre Forest,Wyre Forest,England,831.82260458623,196.82260458623,830,,50,6,,1.8,411,,195,,0,0.0,,215,,25,13.2,,527,306,
Wythenshawe and Sale East,Wythenshawe and Sale East,England,"1,768.35506254509",368.35506254509,"1,765",,-135,-7,,3.4,176,,365,,-105,-22.3,,390,,25,6.8,,770,993,
Yeovil,Yeovil,England,756.41449415633,156.41449415633,755,,60,9,,1.4,505,,155,,-10,-6.1,,210,,35,20.0,,466,285,
Ynys Mon,Ynys Mn,Wales,"1,148.69761509263",288.69761509263,"1,145",,-205,-15,,3.7,137,,285,,-55,-16.2,,290,,-15,-4.9,,764,379,
York Central,York Central,England,761.24996677729,171.24996677729,760,,15,2,,1.2,532,,170,,-20,-10.5,,190,,40,26.7,,453,308,
York Outer,York Outer,England,280.60782473086,60.60782473086,280,,-5,-2,,0.6,648,,60,,-10,-14.3,,80,,10,14.3,,174,104,
,,,,,,,,,,,,,,,,,,,,,,,,,
North East,North East,,,,"53,910",,"1,920",4,,4.3,,,"12,335",,445,3.7,,"13,265",,"1,120",9.2,,"35,149","18,767",
North West,North West,,,,"110,950",,490,0,,3.3,,,"24,015",,"-2,585",-9.7,,"25,050",,"2,335",10.3,,"50,848","60,105",
Yorkshire and The Humber,Yorkshire and The Humber,,,,"79,210",,475,1,,3.0,,,"17,915",,-210,-1.2,,"18,085",,"1,120",6.6,,"53,524","25,694",
East Midlands,East Midlands,,,,"47,165",,-870,-2,,2.1,,,"10,920",,-310,-2.8,,"11,340",,585,5.4,,"31,267","15,905",
West Midlands,West Midlands,,,,"87,975",,"4,800",6,,3.3,,,"19,075",,525,2.8,,"20,450",,"2,595",14.5,,"60,320","27,655",
East,East of England,,,,"51,520",,"1,750",4,,1.7,,,"10,880",,100,0.9,,"13,640",,"1,400",11.4,,"32,883","18,646",
London,London,,,,"120,260",,"7,845",7,,2.6,,,"18,830",,355,1.9,,"34,395",,"5,430",18.7,,"74,628","45,671",
South East,South East,,,,"65,635",,"2,885",5,,1.5,,,"12,950",,235,1.8,,"18,180",,"1,925",11.8,,"45,296","20,344",
South West,South West,,,,"45,790",,"3,195",8,,1.7,,,"9,755",,100,1.0,,"12,140",,"1,665",15.9,,"26,803","18,992",
England,England,,,,"662,420",,"22,495",4,,2.5,,,"136,680",,"-1,335",-1.0,,"166,540",,"18,160",12.2,,"410,718","251,772",
Wales,Wales,,,,"42,935",,"-3,145",-7,,3.0,,,"10,910",,-790,-6.8,,"9,680",,-240,-2.4,,"28,328","14,607",
Scotland,Scotland,,,,"84,115",,"3,355",4,,3.2,,,"18,080",,75,0.4,,"20,520",,"2,210",12.1,,"51,893","32,227",
Northern Ireland,Northern Ireland,,,,"32,250",,"-6,760",-17,,3.8,,,"7,570",,"-2,365",-23.8,,"7,865",,-675,-7.9,,"32,251",..,
,,,,,,,,#N/A,,,,,,,,,,,,,,,,,
,,,,,,,,,,,,,,,,,,,,,,,,,
,,,,,,,,,,,,,,,,,,,,,,,,,
,,,,,,,,,,,,,,,,,,,,,,,,,
,,,,,,,,,,,,,,,,,,,,,,,,,
,,,,,,,,,,,,,,,,,,,,,,,,,